NODE_NM,위도,경도
방림터널사거리,35.13069751,126.9184184
방림터널사거리,35.13078526,126.9184291
송림아파트,35.13095636,126.9233054
송림아파트,35.13101777,126.9232048
영진주택,35.13250065,126.9226295
영진주택,35.13240962,126.9225651
방림초교,35.13390343,126.9215164
방림초교,35.13407452,126.9212092
삼화교,35.22278611,126.736725
상공회의소,35.15119722,126.8863361
상공회의소,35.15151389,126.8857417
농성SK뷰,35.15368611,126.8866278
상림,35.270961,126.862452
상무지구입구,35.14755556,126.85065
상무1동행정복지센터,35.15288333,126.8695444
상무1동행정복지센터,35.15269444,126.8693611
상무지구,35.156496,126.838633
상무병원,35.15251389,126.8550444
상무병원,35.15248333,126.8547556
상무역,35.14606389,126.8476139
상무역,35.14637222,126.8476667
상무중,35.14508611,126.8572639
상무중,35.14430833,126.8584167
금호초교,35.143161,126.857511
상전,35.13824722,126.7998778
용봉우미아파트,35.17765833,126.9007389
풍암한신아파트,35.12268333,126.8766722
풍암한신아파트,35.12276667,126.8767917
샛터코아,35.18606111,126.9208556
서광주우체국,35.146158,126.872469
서광주우체국,35.146397,126.872599
서광주역,35.12587222,126.8469806
서광주역종점,35.125968,126.846707
서광주한전,35.150875,126.8928111
돌고개역(서),35.15165278,126.89465
서구문화센터,35.131587,126.859667
금호도개공아파트,35.13246944,126.8615611
서구문화센터,35.131391,126.85938
금호도개공아파트,35.132779,126.861737
서구청,35.151529,126.889771
서구청,35.151892,126.888923
서남하이츠(국제양궁장),35.13167222,126.8906333
서남하이츠(국제양궁장),35.13186111,126.8905861
응암공원,35.21616111,126.8343778
응암공원,35.21667222,126.8346056
서방사거리,35.16503889,126.9186917
서방사거리,35.16497222,126.9180417
서방시장(서),35.16713889,126.9182556
서방시장(북),35.16725833,126.9194917
서방시장(남),35.16632222,126.9194472
서방시장(남),35.16641111,126.9197139
서광주전화국,35.15332222,126.8945222
서광주전화국,35.153437,126.894222
서산초교,35.18805556,126.9053778
서산초교,35.18860278,126.9052417
서석고,35.15256389,126.8808972
서석고,35.15279167,126.8805472
서창농협,35.13248333,126.8584778
서창농협,35.13228333,126.8583722
서창입구,35.13985278,126.8330333
서창입구,35.14013056,126.8330111
서태리1구,35.03950556,126.9508944
서태리2구,35.03159167,126.9444028
석동,35.23015556,126.7369306
선교,35.08886389,126.9470611
우영아파트,35.12923611,126.9264194
빛고을복지회관,35.127083,126.929601
빛고을복지회관,35.127055,126.929803
성내,35.21805278,126.749725
공구의거리,35.17104722,126.8821111
공구의거리,35.17090556,126.8810972
성산맨션,35.18135278,126.9113667
역산공원입구,35.16731111,126.8021361
역산공원입구,35.16747222,126.8023889
성촌마을/전통문화관,35.13391944,126.9523417
성촌마을/전통문화관,35.13403056,126.9528139
세량리,35.07386389,126.9138861
새한철강,35.21331944,126.8104417
만연빌딩,35.05571667,126.9888861
지원2동주민센터(남),35.12010278,126.9327667
지원2동행정복지센터입구,35.12093611,126.933325
지원2동행정복지센터입구,35.120785,126.933176
매월동(북),35.11276389,126.8443778
서부자동차매매단지,35.11423,126.856196
종합유통단지,35.11529167,126.8587139
서부농수산물도매시장,35.117269,126.857789
절골입구(서),35.11065833,126.8287639
중촌,35.11008333,126.8229722
서창치안센터,35.10745278,126.8209667
용두입구,35.099533,126.821765
학동(서창),35.09755,126.8241333
개동,35.091675,126.8266361
대촌한일베라체,35.08203723,126.8313754
지석사거리,35.08113889,126.8334944
대촌미곡처리장,35.07672778,126.8271389
대지동상촌,35.07394722,126.8225917
대지동하촌,35.07326111,126.8185722
육묘장,35.07037222,126.81595
무학초교,35.06626944,126.8057028
학촌,35.064699,126.802898
도덕,35.05960833,126.8051611
구소,35.05322222,126.8118444
양촌(대촌),35.06156944,126.7938167
유촌,35.05995833,126.7901167
승촌주택단지,35.05794722,126.7865778
승촌,35.05631667,126.7840472
월성,35.06936944,126.8024
지동,35.07188056,126.8040472
화장앞길,35.07402778,126.8036583
화장뒷길,35.075925,126.8041778
농막,35.08259167,126.8075889
시산,35.08595278,126.8077694
석정,35.08749444,126.8090528
구룡(대촌),35.09471944,126.8135361
신용,35.096775,126.8159694
봉학,35.098607,126.818895
연동(담양),35.22503056,126.9917194
산덕,35.22864167,126.9973861
보평리,35.23355278,127.0116528
창평고입구,35.2376,127.0145361
창평훈련장,35.24159722,127.0227306
신갈,35.24520278,127.0250944
대덕,35.249875,127.0382
탄금리,35.26936111,126.958675
삼지리,35.26902222,126.9401
황금리,35.27189444,126.9375917
정중리,35.27758056,126.9360944
개동리,35.28116111,126.9368361
남산마을입구,35.28428333,126.9372028
만화동,35.29076111,126.935875
나산리,35.29384722,126.9349361
하촌1길,35.29768333,126.9341889
농협판매장,35.30075833,126.9323333
고성리,35.29493333,126.9237667
월성(담양),35.29331111,126.9209806
성산리,35.28895833,126.9139417
행정리,35.28760833,126.9089
갑향리,35.28613333,126.9022694
병풍리,35.28481667,126.8979889
한재초교,35.278075,126.8906361
대치,35.27651111,126.8873167
한재중,35.27463889,126.8886278
시목,35.26056667,126.889875
삼소동입구,35.24634444,126.8876167
용산교(북구),35.24439167,126.8906528
입암,35.25027222,126.9041778
효령노인복지타운,35.243354,126.910597
북초교,35.244393,126.914834
영락공원입구,35.244065,126.915189
수곡,35.24585,126.9190694
두촌,35.24676111,126.9225333
단지삼거리,35.24904444,126.9253556
단지마을,35.24610556,126.9262333
시립공원묘지,35.23752778,126.9326778
공원묘지,35.23518889,126.9352333
국립5.18민주묘지,35.23156111,126.9420694
어운,35.22693056,126.9452056
주룡,35.22331389,126.9465556
복다우,35.21809167,126.9481972
태령,35.25109444,126.9276139
신평,35.25186944,126.9304333
와우리,35.25310278,126.9342417
양지,35.25384722,126.9405889
월전(담양),35.25396111,126.943
양지분교,35.25453333,126.9492944
연천,35.17708889,127.0278722
솔뫼타운,35.15757222,126.8715889
송림주택,35.13108611,126.9179889
송림주택,35.13101667,126.9180889
광산경찰서,35.15126667,126.7855833
광산경찰서,35.15111389,126.7853472
광천E편한세상(동),35.16696944,126.8772056
광천E편한세상,35.16578611,126.8761
광천E편한세상,35.16591944,126.8764278
송정공원역,35.14376667,126.7996194
송정공원역,35.1435,126.7988111
현대교통,35.12093889,126.7799167
광주송정역,35.13820833,126.7917333
송정I.C,35.147046,126.807575
송정I.C,35.14683,126.807393
도산역,35.13088056,126.787025
송정시장,35.13823611,126.7975139
송정시장,35.13818611,126.7973306
광주송정역,35.13831944,126.7920389
송정한전,35.14924722,126.7884694
송정한전,35.14934444,126.788225
영광통사거리,35.14051667,126.7951972
영광통사거리,35.14002778,126.795775
영광통,35.14231667,126.7954917
송정초교,35.13259444,126.7955028
송정초교,35.13334444,126.7959528
송정파출소(북),35.14398889,126.8032889
송정파출소(남),35.14323611,126.8035722
송정파출소(북),35.143825,126.8033889
수성,35.18441667,126.6751333
수창초교후문,35.15699167,126.9088417
수창초교후문,35.15675278,126.9087028
수촌,35.25797222,126.8162861
중흥초교,35.16290833,126.9136556
중흥초교,35.16310833,126.9137389
소촌스위트밸리,35.15773333,126.7929222
소촌스위트밸리,35.15787222,126.7928667
광주인력개발원,35.15763056,126.7956139
광주인력개발원,35.15733611,126.7963167
상무시민공원,35.15369,126.838644
상무시민공원,35.153934,126.83901
시민회관,35.14887222,126.9087333
시민회관,35.14890833,126.9084
금호시영아파트,35.13605278,126.8589194
우산시영2단지(서),35.16106667,126.8010611
우산시영2단지(동),35.15880833,126.8024278
우산시영2단지(동),35.15888056,126.8029611
우산시영2단지(서),35.15996944,126.8010472
시청,35.15896667,126.8545417
시청,35.15883889,126.8545333
신가동,35.178825,126.8264806
신가동,35.17908611,126.8255944
신가중,35.18614722,126.8370083
신가중,35.18621944,126.8368722
신당,35.184975,126.7346917
신등,35.19526667,126.7706
신동아아파트,35.22170833,126.8317278
신동아아파트,35.22151667,126.8318139
신봉정,35.19096944,126.7649083
신세계백화점,35.15843889,126.8831722
신세계백화점(북),35.15960833,126.8833083
신세계백화점,35.15849444,126.8829056
신안교,35.17072222,126.8969
신안교,35.17064722,126.8961389
용봉2휴먼시아아파트,35.17220556,126.8975722
용봉2휴먼시아아파트,35.17175556,126.8981611
신안교입구,35.17478056,126.8961222
신안교입구,35.17463611,126.89575
신안동행정복지센터,35.16692222,126.8984889
신안동행정복지센터,35.16714167,126.898175
북광주수협,35.165,126.9019833
신안사거리,35.16543056,126.9042861
신안사거리,35.16564722,126.9040278
반석,35.17885833,127.0221278
소쇄원,35.18256667,127.0119139
가사문학관,35.18716111,127.0043917
충효동환벽당,35.18662222,127.0025972
광주호호수생태원,35.18389167,127.0005389
수리,35.18246667,126.9997528
석제,35.18031667,126.9990583
금곡,35.16975,126.9989222
충장사(북),35.16195833,126.9802306
광곡입구,35.10072205,126.8705703
임정,35.10190783,126.8686416
이동입구,35.09586667,126.8591556
수춘,35.08519444,126.8678917
복수,35.08921944,126.8559056
원산,35.08851667,126.8446778
상칠석,35.07360833,126.8365472
어전,35.05865,126.8353778
광이리,35.05419722,126.8357833
남평교,35.05090278,126.8384833
남평농협,35.04686667,126.8404833
나주축산농협,35.04546111,126.8426639
광남고,35.03850833,126.8421472
광주어망,35.03487222,126.8370028
방축마을,35.03010833,126.8330667
매화동(나주),35.01984444,126.8284833
산제 윗길,35.01434444,126.8243806
국립나주병원,35.00937778,126.82135
도래,34.99768056,126.8209389
행정,35.00321667,126.8215333
자치샘삼거리,35.0613,126.9863528
남계촌,35.0935898,126.9416885
녹동,35.10576944,126.9375972
선교,35.08895556,126.9471694
이십곡리,35.06924722,126.9753528
정수장입구,35.05405278,126.9978722
장성월곡,35.24114167,126.8154028
양림휴먼시아2차,35.13549167,126.9175389
중앙교회,35.27379722,126.8302611
평촌,35.26528056,126.8385778
수북면사무소,35.30105,126.9278944
응기,35.251575,126.8910278
진원초교,35.26205556,126.8222
상촌(임곡),35.232666,126.728894
전통공예문화학교,35.24231389,126.8976528
주남,35.10246944,126.9393972
창평초교,35.23971667,127.018625
전남교육연수원,35.18233056,127.0132556
덕촌,35.26271944,126.8410194
초동,35.25151389,126.86305
동명고,35.15504167,126.7391917
문흥라인아파트,35.18616111,126.9236389
남동,35.17953056,126.6821
동원촌,35.221225,126.8283944
반촌,35.191625,126.8513417
산동교,35.18946389,126.8577111
남부대,35.20683056,126.8428639
첨단1동행정복지센터,35.21938611,126.8420111
금남로4가역,35.15144167,126.9135556
진원면사무소,35.27271944,126.8333972
살레시오고입구,35.21515833,126.9001528
진원동초교,35.25933333,126.8637278
과기원,35.22461944,126.8410111
풍기산업,35.23508611,126.8669778
현진기업,35.23438056,126.8603833
첨단삼성전자,35.22570278,126.8527694
경제고용진흥원,35.20901389,126.8144417
첨단삼성전자,35.22604444,126.8529278
신창호반아파트,35.19899167,126.8383972
신완마을,35.20090278,126.8100556
하남3지구모아엘가,35.182663,126.794791
생룡,35.22909,126.898809
연제현대아파트,35.19788333,126.8726361
경신여고,35.17277222,126.8885861
내남입구,35.0961037,126.9406891
능주사거리,34.99201111,126.9579833
문흥금호아파트,35.19078889,126.9266222
동산초교,35.14933333,126.9364417
봉정,35.16348056,126.6935639
방림삼거리,35.133475,126.9180722
북광주수협,35.16508333,126.9017917
신암마을,35.12177778,126.8844528
신암마을,35.12146111,126.8844444
신양파크호텔,35.15336944,126.9416444
신양파크호텔,35.15299167,126.9423778
신완마을,35.20146944,126.8101139
신우아파트,35.13889167,126.8956611
신우아파트,35.13871667,126.8954611
신운,35.0257,127.0219861
신가주공아파트,35.18426,126.832755
보건대입구,35.19321111,126.8492889
보건대입구,35.19322778,126.8493361
신창동우체국,35.18908056,126.8370611
신창동우체국,35.18918611,126.8369083
신창부영1차아파트,35.19054444,126.8384194
신창부영1차아파트,35.19081944,126.8383972
신창중,35.19364167,126.8375889
신창중,35.193925,126.8374972
신가사거리,35.17978333,126.8311556
신가사거리,35.18003056,126.8309972
신창초교,35.19754722,126.8396722
신창초교,35.19838889,126.8403278
신촌 아랫길(4수원지),35.17946667,126.9610889
신촌(본량),35.18706667,126.682325
신촌 아랫길(4수원지),35.17943056,126.9610278
가톨릭대평생교육원,35.14913889,126.8706806
가톨릭대평생교육원,35.14935556,126.8707806
전남대공과대학,35.17879167,126.9119306
전남대공과대학,35.17841944,126.9121611
신흥맨션,35.17648611,126.9338167
신흥맨션,35.17656667,126.9336944
양산초교입구,35.20853056,126.8738167
양산초교입구,35.20852222,126.87365
상무쌍용금호아파트,35.15073611,126.8472694
첨단초교후문,35.22078889,126.839325
서일초교,35.211668,126.89763
쌍촌역,35.151625,126.8684222
쌍촌역,35.15135556,126.8676222
아리랑고개,35.15013056,126.8072944
아리랑고개,35.14996944,126.80715
광주은행북부지점,35.15613056,126.9038444
기아차중문,35.161557,126.87154
안양사,35.15415833,126.9882361
안양사,35.15429444,126.9882806
무등야구장,35.17004444,126.8868917
무등야구장,35.16955833,126.8892806
양곡,35.20135556,126.6828222
양동시장역(남),35.153625,126.9005333
양동시장역(북),35.15404722,126.9010667
양동시장역(북),35.15420833,126.9009917
양동시장역(남),35.15371944,126.9003333
광주은행북부지점,35.15617222,126.9036222
양일로입구,35.20237778,126.9020889
용봉우미아파트,35.17785278,126.9007167
매곡대화아파트,35.19215,126.8921944
동산초교옆,35.14889722,126.9368389
중앙여고,35.17589444,126.88555
앰코코리아,35.229775,126.8518972
앰코코리아,35.22965,126.8517389
일가정양립지원본부,35.151778,126.841748
일가정양립지원본부,35.151455,126.840556
역청공장,35.03275278,126.9473556
연계삼거리,35.22593611,126.7357556
연동 동길,35.20775278,126.7781889
연동 서길,35.20448889,126.7724611
연동삼거리,35.20632778,126.7746528
연동삼거리,35.20636944,126.7747583
연양리1구,35.04193889,126.9627944
연양리2구,35.03904167,126.9625111
연진회미술원,35.132004,126.938669
연진회미술원,35.132235,126.938232
양산호수공원,35.20491111,126.8736806
용연동,35.094001,126.962321
용연정수장,35.09226111,126.9584222
농협공판장,35.15236111,126.8996861
호남삼육고,35.13015,126.8947611
비시동,35.21349444,126.7569583
덕흥삼거리,35.16744555,126.8380112
도림,35.16655,126.7009639
삼도초교,35.16281667,126.7003083
동명고입구,35.154302,126.740269
서봉마을,35.15160833,126.7503694
샛터마을,35.15102222,126.7566861
호남대,35.14916111,126.7682583
선암,35.15060833,126.7728056
임동교,35.229539,126.733335
연동리,35.26448333,126.9586139
안청,35.21673889,126.805575
송강정,35.25206389,126.9554528
첨단대우아파트,35.220006,126.831417
동산교차로(남),35.124331,126.852703
서광중,35.13688889,126.9040889
서광중,35.13680833,126.9044167
석산고,35.13628056,126.9081778
석산고,35.13603333,126.9085361
수피아여고,35.13499722,126.9104444
수피아여고,35.13504444,126.91065
기독병원,35.13688333,126.9136333
기독병원,35.13689444,126.9139222
학강초교,35.13773056,126.9167306
학강초교,35.13824722,126.9176611
계림사거리,35.162425,126.9201333
서방사거리육교,35.16373056,126.9196917
교육대,35.16375556,126.9233417
풍향삼거리,35.162475,126.9277528
교육대,35.16397778,126.9231972
서방사거리육교,35.16369444,126.9195528
계림사거리,35.16229444,126.920025
광주공원,35.14983889,126.9096361
천교,35.152471,126.906487
양동복개쇼핑센터,35.15391667,126.9044389
양동시장역(천변),35.15591944,126.9019222
발산교(남),35.158585,126.894939
임동오거리,35.159689,126.897544
북성중,35.15851389,126.9016861
북성중,35.15780833,126.9040111
요한병원,35.159414,126.901252
임동오거리,35.159795,126.898076
양동교,35.158754,126.896654
양동복개쇼핑센터,35.15429167,126.9035917
천교,35.15183889,126.9058056
광주공원,35.14842222,126.909825
양림교,35.14038333,126.9177306
용산교(동구),35.12075556,126.9313639
향교,35.14556,126.909608
향교,35.14498056,126.9090333
한국은행,35.15824722,126.8483389
한국은행,35.15795833,126.8482167
한국국토정보공사,35.156425,126.8483611
한국국토정보공사,35.15586667,126.8482472
두암지구입구,35.15901389,126.9310778
두암지구입구,35.159175,126.9308194
운암시장,35.174383,126.882369
풍향시장,35.16180278,126.9292389
풍향삼거리,35.16271389,126.9276611
운암시장,35.17446111,126.8826139
현대자동차,35.16109722,126.8850778
현대자동차,35.16129167,126.8856972
농협운천지점,35.14840556,126.848225
농협운천지점,35.14871944,126.8481861
전남공고입구,35.19521111,126.8469306
전남공고입구,35.19520556,126.8467778
신창용수마을,35.19868056,126.8439056
서영대,35.17571111,126.8705611
동천마을1단지,35.17228611,126.860475
풍영정입구,35.17771944,126.8366583
동림I.C입구,35.173816,126.852454
양산호수공원,35.20454444,126.8735194
대촌마을입구,35.23678056,126.8574444
대촌마을입구,35.23707778,126.8576278
연화공장,35.03484444,126.9608361
염주맨션,35.14315278,126.8799833
염주사거리(동),35.14271,126.87581
염주사거리(동),35.142866,126.876126
염주사거리(서),35.14332778,126.8743139
염주주공,35.13998611,126.8760444
염주주공,35.139875,126.876275
대촌마을,35.23569722,126.8545917
대반초교,35.17473056,126.8099722
영천초교,35.17207778,126.8116278
예림,35.16957222,126.6950972
예술의거리입구,35.15104444,126.9163111
예술의거리입구,35.15133056,126.9168917
천운장,35.03282222,127.0572333
천운장,35.03293889,127.0575611
오룡,35.25033056,126.7428306
오치1동행정복지센터,35.19125833,126.9049806
오치주공,35.187117,126.903262
오치주공,35.187258,126.902988
오치초교,35.18578333,126.8985028
오치초교,35.18624444,126.8981833
옥산,35.19108056,126.6742806
와산,35.24087778,126.7303194
외등,35.18409722,126.7532361
요한병원,35.160643,126.902509
지산입구,35.23349385,126.8892843
용주초교,35.18118611,126.8984056
용주초교,35.18149444,126.8982444
용봉동성당,35.17958333,126.8953528
용봉동성당,35.17941111,126.8952611
용봉주공,35.18726389,126.8965667
용봉한화꿈에그린,35.18114722,126.904225
용봉한화꿈에그린,35.18148889,126.9042333
용봉중,35.18696944,126.9096806
용봉중,35.18715278,126.9093306
용봉초교,35.16995278,126.8997
용봉초교,35.16974722,126.8994417
삼원맨션,35.18081944,126.9022278
용산교(동구),35.12071111,126.9312194
용생,35.0343,127.0133889
용생,35.03429444,127.0135806
용전,35.238618,126.896128
풍암우미아파트,35.12653056,126.8824222
운암우미아파트,35.18391667,126.8712389
운암우미아파트,35.18323056,126.8714222
오정초교입구,35.18391667,126.9116111
오정초교입구,35.18373889,126.9119528
유창허니문입구,35.1791,126.8978861
신가우미아파트,35.18503611,126.8357417
신가우미아파트,35.18517778,126.8361083
풍암우미아파트,35.12658889,126.8825389
상수도광산사업소,35.15639722,126.8100194
상수도광산사업소,35.15646667,126.8098806
서작,35.15623333,126.8132222
우산리버힐아파트,35.157775,126.8065556
우산리버힐아파트,35.15783333,126.8068056
우산동중흥S클래스,35.15200833,126.8098056
우산동중흥S클래스,35.15195833,126.8101167
광주자동화설비공업고,35.15180556,126.8141472
광주자동화설비공업고,35.15174722,126.8140778
우진아파트,35.15047778,126.9058889
우진아파트,35.15007778,126.9056917
우치공원,35.225379,126.900644
우치공원,35.22552,126.900908
금구중,35.17615556,126.8155944
금구중,35.17602778,126.8153444
목련마을,35.17922222,126.8199639
목련마을,35.17936389,126.8209806
운남삼성아파트,35.17453056,126.8175806
운남삼성아파트,35.17422778,126.8171889
금구초교,35.177925,126.8149861
동천마을1단지,35.172153,126.860016
서영대,35.17506111,126.8706056
매방골,35.15156111,126.7766972
안청,35.21681111,126.8055611
중앙일보,35.190363,126.804703
첨단부영아파트,35.21135833,126.8458167
명상의집,35.215907,126.90221
월계중,35.21858889,126.8324083
북구차량등록민원실,35.17258333,126.9121444
두암초교,35.16827222,126.9326722
봉선라인아파트,35.12552778,126.9091778
신창용수마을,35.19868056,126.8438611
광주은행양산동지점,35.21101944,126.8756389
양지초교,35.208325,126.878839
동아제약,35.20664167,126.8754472
동아제약,35.20662778,126.8755917
양지초교,35.208153,126.878966
광주은행양산동지점,35.21106111,126.8755778
자연과학고,35.18676667,126.9165056
문흥금호아파트,35.19092222,126.9267222
대인광장(서),35.15636389,126.910825
풍암사거리(동),35.12243333,126.8614
풍암사거리(동),35.12187778,126.86105
동광주진입로,35.18273611,126.9309944
동광주진입로,35.18276111,126.9313139
농산물공판장,35.18469444,126.9322306
농산물공판장,35.18468333,126.9324833
문흥지구입구(남),35.18831667,126.9337639
남구청,35.131575,126.902565
한국수자원공사,35.15246944,126.8482167
한국수자원공사,35.1522,126.8482917
사직공원앞,35.14454,126.914496
농성중흥파크,35.15623056,126.8921944
농성중흥파크,35.15654,126.892633
사직공원앞,35.144134,126.91387
단사공원,35.148256,126.939872
단사공원,35.148143,126.939854
지산유원지입구,35.149165,126.944466
매일시장입구,35.14828056,126.9317944
매일시장입구,35.14823333,126.9317722
지산2동행정복지센터,35.14766944,126.9356028
삼원맨션,35.18091111,126.9021417
진흥고,35.19522222,126.8414028
양산호반2차,35.21244444,126.8812917
양산호반2차,35.21286111,126.8814222
동림교,35.17513889,126.8640667
운암초교,35.17958889,126.8719861
운암초교,35.17955,126.8721306
발산교(북),35.15941,126.895079
화훼단지,35.1167,126.855043
동천동행정복지센터,35.17010833,126.8637694
동천동행정복지센터,35.17006944,126.8635778
비엔날레전시관,35.18224167,126.8905306
유덕동주민센터,35.16459167,126.8529472
유덕동주민센터,35.164475,126.8529472
유덕치안센터,35.165825,126.8546
유덕치안센터,35.16573611,126.8546833
도촌,35.07768611,126.8366667
대촌동행정복지센터,35.08130278,126.8344472
이장2동,35.08826944,126.8578278
임동주공아파트,35.16838889,126.8859111
송암공단,35.11035556,126.8811722
문성고,35.12216667,126.9070639
문성고,35.122125,126.9071333
진월저수지(서),35.113249,126.903723
효덕동행정복지센터,35.11215278,126.9005139
효덕동행정복지센터,35.11208333,126.898125
봉선삼익아파트(북),35.12587218,126.9132771
도동교,35.10013333,126.8780833
도동,35.09990833,126.8855667
산수무등파크,35.15697778,126.9396528
목련마을6단지,35.17675,126.8176694
운림중,35.132085,126.943161
동산마을입구,35.13229444,126.9448194
운림중,35.13226111,126.9424167
살레시오고입구,35.21504722,126.9001972
운암벽산블루밍,35.17713611,126.8782972
운암3단지,35.17821111,126.8772056
운암3단지,35.17910833,126.8755417
운암중,35.18116389,126.8736639
운암중,35.18189722,126.8727194
운천역,35.150297,126.85656
운천역,35.150195,126.857816
운천저수지,35.148074,126.856656
운천저수지,35.149152,126.856017
운천초교,35.15344722,126.8472778
첨단라인8차아파트,35.21503333,126.8344972
원광대한방병원,35.12913611,126.8850639
원광대한방병원,35.12952222,126.8852778
금당중,35.13049167,126.8873056
금당중,35.13079167,126.8874806
산막,35.1983,126.7670833
평동역(서),35.12493889,126.7674333
원지리,35.00851389,126.9571806
무등산국립공원(원효사),35.14639722,126.9871278
무등산국립공원(원효사),35.14668889,126.9870306
월계중,35.21849722,126.8325
장성월곡,35.24110556,126.8153194
영천초교,35.17188889,126.8120333
월곡2동행정복지센터,35.17232222,126.8057167
월곡2동행정복지센터,35.17219167,126.8058306
월곡일신아파트,35.16798333,126.8090583
월곡일신아파트,35.16753056,126.8088806
월곡시장,35.17118889,126.8093917
월곡시장,35.17148889,126.8092694
월드컵경기장,35.13566389,126.8741389
월드컵경기장,35.13583889,126.8740167
월봉서원입구,35.23632222,126.7381056
월산(석곡),35.20945833,126.9500639
월산(석곡),35.21053056,126.9495833
월산(삼각동),35.20457222,126.9014861
월산(본량),35.19837778,126.6813028
월산4동,35.14419167,126.8916639
월산4동,35.14523889,126.8905194
월산5동,35.141367,126.8939
월산5동,35.14219444,126.8928306
월산마을,35.142138,126.888032
월산마을,35.14205278,126.8882
월산(삼각동),35.20432222,126.90135
월산마을입구,35.14359444,126.8907917
월산마을입구,35.14362222,126.8907167
용호(북구),35.21047222,126.9449528
용호(북구),35.210975,126.9456472
월산초교,35.1469,126.8977861
월산초교,35.14707778,126.89755
월암,35.14098611,126.8372222
월정(장성),35.23820278,126.8180028
월정,35.24446667,126.8637972
월산치안센터,35.14840556,126.9049278
월산치안센터,35.14831389,126.9052861
일곡현대3차아파트,35.21094167,126.9010444
유격훈련장,35.21203056,126.9011889
유덕초교,35.164725,126.8634028
유안초교,35.12595833,126.9162583
유안초교,35.12587778,126.9162639
유창아파트,35.176975,126.8972056
유창아파트,35.17711111,126.8970389
극락초교,35.16642778,126.8583611
극락초교,35.16653056,126.8583972
은혜학교,35.233175,126.8500833
은혜학교,35.232625,126.85015
이십곡리,35.06916667,126.9752361
봉선무등파크3차,35.12390556,126.9183167
봉선무등파크3차,35.12396389,126.9184167
장등마을,35.21511111,126.9297056
변전소,35.20656667,126.9314361
계림초교후문,35.16055833,126.9239306
지산입구,35.23342651,126.8893446
지산초교,35.22948657,126.8853327
지산중,35.21648889,126.8811778
지산중,35.21630278,126.8814056
분토(북구),35.19740278,126.9534444
단전,35.18349,126.797043
전남방직,35.160944,126.893999
전남방직,35.16058611,126.8942778
흑석사거리(동),35.180088,126.810953
흑석사거리(서),35.180028,126.806694
금호전기,35.206729,126.804616
세방전지,35.18835,126.7949194
광산소방서입구,35.185215,126.79499
세방전지,35.188375,126.7951028
금호전기,35.206577,126.804356
첨단대우아파트,35.220243,126.831546
신용마을,35.2446,126.8818167
금당,35.24077778,126.8692306
석수정,35.24186667,126.872175
석수정,35.24182778,126.8722194
용전사거리(북),35.236655,126.893401
한양아파트,35.1979,126.8752056
상선,35.11905833,126.7804278
서작,35.15617222,126.8133611
화순역,35.052275,126.9621917
동면,35.03070556,127.0420194
다도초교,34.99941389,126.8205417
다도초교,34.99938333,126.8206944
산림자원연구소,35.00705833,126.8199083
하칠석/고싸움전수관,35.06961111,126.8352556
평산리,35.05676944,126.834975
산림자원연구소,35.00706111,126.8198417
오강리,35.22841389,127.0051583
교산,35.22506111,126.9846083
원천리,35.27879722,126.8943361
강의리,35.26609722,126.9028194
태목,35.26191111,126.8974472
용전사거리(남),35.235586,126.894131
태목,35.26187778,126.8975
강의리,35.26608611,126.9028722
원천리,35.27880833,126.8943806
대전파출소(남),35.27680278,126.8885972
산수오거리,35.15562222,126.9317722
산수오거리(연천),35.15640833,126.9313917
선평선창마을입구,35.24616111,126.7783194
선평선창마을입구,35.24619167,126.7784778
승가마을,35.23709444,126.7949361
승가마을,35.23709444,126.7947222
학산,35.26555,126.864325
학산,35.265575,126.8644222
한국생산기술연구원,35.226975,126.848175
한국생산기술연구원,35.22659444,126.8475333
한국전자통신연구원,35.22576944,126.8447194
한국전자통신연구원,35.22558056,126.8445056
우편집중국,35.2179,126.8513194
우편집중국,35.21756667,126.8511722
첨단우리은행,35.21783889,126.8453528
첨단우리은행,35.21754167,126.8451472
산수오거리,35.15560278,126.931575
주월주택단지(남),35.13528333,126.8984194
국립아시아문화전당(구.도청),35.148679,126.91785
쌍암공원,35.22193333,126.8411472
쌍암공원,35.22199167,126.8409111
학2마을아파트,35.13159444,126.9287611
풍암사거리(서),35.12163056,126.8591194
백운초교(남),35.13644167,126.9008917
현진기업,35.23437778,126.8605972
전남과학대학포스트비,35.23409722,126.8641667
전남과학대학포스트비,35.23397222,126.8642361
풍기산업,35.23506389,126.8671611
용전사거리(북),35.236854,126.893648
연제새한아파트,35.19938333,126.8699111
연제새한아파트,35.19935556,126.8698278
연제주공아파트,35.20327778,126.8703167
연제주공아파트,35.203525,126.8704694
양산초교,35.20629444,126.8709639
명상의집,35.216178,126.902816
일곡초교,35.20636389,126.8977472
일곡초교,35.20685556,126.8976028
월산사거리,35.146799,126.903628
월산사거리,35.146553,126.903857
첨단금호아파트,35.22085278,126.8362083
첨단초교,35.21906111,126.8372444
임곡교,35.20766667,126.7520833
광일고,35.21991111,126.742975
가정,35.21653611,126.7528389
임곡동행정복지센터,35.219175,126.7446306
임곡역,35.21875556,126.74575
원임곡,35.22063333,126.7408917
임곡정수장,35.215125,126.74675
임동교,35.229605,126.733384
임동농협,35.162948,126.8972
임동농협,35.162492,126.897635
임동행정복지센터,35.16533889,126.8942611
임동행정복지센터,35.165145,126.895134
제2광천교,35.16999444,126.8845361
임동한국아델리움1차,35.16668333,126.8917889
임동한국아델리움2차,35.164202,126.887561
임동한국아델리움2차,35.163467,126.887547
임동한국아델리움1차,35.16667,126.892267
입석,35.18863056,126.7401528
자풍,35.25048056,126.7716194
작동,35.26185556,126.8448639
신운,35.02562778,127.022125
장등동,35.200203,126.933688
장록,35.13372778,126.7803806
장록,35.13406111,126.7805194
검문소,35.13599722,126.7829306
검문소,35.13606944,126.7830222
남광주농협,35.133775,126.9067194
남광주농협,35.13361944,126.9071167
장수동,35.183175,126.78845
장원초교(서),35.15579722,126.9358778
장원초교(동),35.15613333,126.9369694
장원초교(동),35.15615,126.9367
오선동,35.20028889,126.7951333
잿등,35.15171667,126.8719417
잿등,35.15146944,126.87265
전남공고,35.19438333,126.8458639
전남공고,35.19444444,126.8455917
진흥고,35.194885,126.841975
시립민속박물관,35.18687778,126.8863278
시립민속박물관,35.18634722,126.8856167
용봉쌍용아파트,35.18755556,126.8896528
용봉쌍용아파트,35.18743056,126.8891583
전남대병원/남광주시장,35.140992,126.92149
전남대병원/남광주시장,35.140989,126.921794
전남여고,35.15083889,126.9201778
전남여고,35.15073611,126.920125
전남학숙,35.052477,126.908961
전남대스포츠센터,35.17503333,126.9124722
전남대스포츠센터,35.17497222,126.9126472
전남대동문,35.17645278,126.9122528
전남대동문,35.17686389,126.9123667
전남대사거리(서),35.16917778,126.9026083
전남대사거리(서),35.16901389,126.9021806
전남대사거리(동),35.16846389,126.9044611
전남대사거리(동),35.168528,126.905346
전대치과병원,35.17175278,126.902325
전대치과병원,35.17156944,126.90325
전남대,35.17009722,126.9038222
전남대,35.170201,126.904101
전망대,35.15916389,126.9442083
전망대,35.15919444,126.9439722
남부대,35.20651389,126.8427444
전자공고,35.20613611,126.8446194
전자공고,35.20549722,126.8440028
양산초교,35.20633889,126.8708194
용전사거리(남),35.235746,126.893748
지산마을,35.231785,126.896772
지산마을,35.232311,126.895902
동림푸른마을,35.18728333,126.8648389
첨단부영아파트,35.21151389,126.8456639
광주대입구,35.11250833,126.8967361
보문고,35.15197778,126.7796028
담배인삼공사,35.15473889,126.8916361
담배인삼공사,35.15454722,126.8903972
진곡 동길,35.20748333,126.7956306
진곡 동길,35.20764444,126.7954694
원예농협,35.206175,126.7970111
원예농협,35.20596944,126.7964306
삼각그린타운,35.19614444,126.8998306
교통공원,35.21753889,126.8550861
교통공원,35.21790833,126.8551611
김대중컨벤션센터,35.14710833,126.8389694
김대중컨벤션센터,35.14704722,126.8387639
목련마을8단지,35.17948611,126.8158944
교동,35.090325,126.9511806
교동,35.089978,126.950683
발산,35.160417,126.892024
발산,35.160267,126.89207
양동시장역(천변),35.155161,126.901354
유덕2교차로,35.16612222,126.8474083
유덕2교차로,35.16604167,126.847475
석교삼거리,35.09339444,126.8147194
석교삼거리,35.09341944,126.8147194
임암,35.09923955,126.8734124
임암,35.0990977,126.8732092
이동,35.10260833,126.8551139
동산초교옆,35.14916389,126.9369222
장동마을,35.21433333,126.9333056
장동마을,35.214325,126.9332667
용봉모아아파트,35.17786389,126.8951472
대원정사,35.22716944,126.8839611
삼각호반아파트,35.19342,126.901485
삼각호반아파트,35.193428,126.900977
중소기업진흥공단호남연수원,35.200269,126.934141
두동,35.21550556,126.7617889
두동,35.21554444,126.7617806
용동(임곡),35.217175,126.7656028
용동(임곡),35.21720278,126.7655944
신촌 아랫길(임곡),35.22066667,126.7735278
신촌 아랫길(임곡),35.22068889,126.7735194
신촌 윗길(임곡),35.22159444,126.7749389
비아1동,35.22463889,126.8252833
하남삼성전자사거리(북),35.20317222,126.8044028
하남삼성전자사거리(북),35.203475,126.8045944
정우화학,35.18552222,126.7987889
정우화학,35.18571667,126.7992222
신성화학,35.18553611,126.8035806
신성화학,35.18575278,126.8031972
수완자동차매매단지,35.2076,126.8332694
수완자동차매매단지,35.20748056,126.8333
수완동,35.202784,126.839407
수완동,35.203411,126.838139
월전(광산구),35.12531111,126.773675
월전(광산구),35.12545,126.7736583
구야촌,35.13840278,126.8231861
신광,35.12933333,126.8174944
신야촌입구,35.12511944,126.8196306
신야촌,35.12109444,126.8153056
도호,35.11650278,126.8113
문촌,35.11461667,126.8151
화순공공도서관입구,35.06279167,126.9826083
너릿재공원,35.08111944,126.9518083
노동,35.175615,126.746516
박호1리,35.17396111,126.74535
박뫼,35.16892778,126.7415889
박호동,35.16668056,126.7411611
흑석사거리(남),35.178272,126.807785
유산리,35.25506944,126.9566639
삼서면사무소,35.23201389,126.646775
삼서초교,35.22909444,126.6501417
송곡,35.226375,126.652025
인지,35.22358333,126.6593861
보강입구,35.214975,126.6581194
동촌,35.12714722,126.6865333
동촌,35.12712778,126.6863278
구야촌,35.138525,126.8231944
신광,35.12943611,126.8174889
신야촌입구,35.1252,126.8196556
신야촌,35.12108333,126.8152972
도호,35.11649722,126.8113
문촌,35.114625,126.8151
정광고입구,35.15242778,126.7928306
정광고입구,35.15278611,126.7929889
정수장입구,35.05401111,126.9979917
제석초교,35.12769722,126.9069333
제석초교,35.12778611,126.9074
제일맨션,35.14072222,126.8913722
제일맨션,35.141428,126.890658
문화근린공원,35.182675,126.9187111
문화근린공원,35.18252222,126.9187417
신용두,35.21468889,126.8760583
신용두,35.21454444,126.8757833
조선대,35.14476389,126.9260139
조선대,35.14449444,126.9261361
서남동행정복지센터,35.14486111,126.9237806
서남동행정복지센터,35.14496389,126.9237333
조선대공과대학,35.141875,126.924475
자치샘삼거리,35.06123889,126.9863083
종산제입구,35.24458611,126.7401583
종산,35.23847222,126.7385111
마재종원아파트,35.13013889,126.8550222
마재종원아파트,35.129686,126.8552
전남고입구,35.144212,126.843859
염주체육관,35.13816944,126.8771056
염주체육관,35.13821667,126.8772361
두암주공아파트,35.16374167,126.9370222
두암주공아파트,35.163625,126.9368917
용두주공,35.21264444,126.8705056
용두주공,35.21228333,126.8704833
주공아파트,35.17995833,126.914
주공아파트,35.17981667,126.9151361
하남중,35.16654444,126.8030528
하남중,35.16651389,126.8048833
신가주공아파트,35.18454167,126.8322167
두암주공입구,35.16612778,126.9323222
두암주공입구,35.16640278,126.9323139
주남,35.10185,126.9393806
주도리,35.03240556,126.9373528
주도리3구,35.03223611,126.9396333
주월주택단지(남),35.13523889,126.8988083
주월주택단지,35.13571667,126.8983583
주월주택단지,35.13583611,126.8979083
주월중입구,35.12841111,126.9043694
주월중입구,35.128366,126.904687
주월초교,35.143225,126.883922
주월초교,35.1433,126.884116
금호모아아파트,35.13265833,126.8644528
금호모아아파트,35.13245556,126.8645056
죽곡(북),35.20434722,126.9529639
죽곡(북),35.20416389,126.95295
죽곡(남),35.20209167,126.9540944
죽곡(남),35.20195,126.9539556
동천마을3단지,35.17190833,126.8631361
동천마을3단지,35.1721,126.8632361
경제고용진흥원,35.20886389,126.8149833
중앙대교(서),35.14638056,126.910925
장성남중,35.24348611,126.8127611
문화예술회관,35.17553611,126.8820722
중앙초교,35.14867778,126.7936167
중앙초교,35.14854444,126.7934694
중외마을,35.18742778,126.8955139
중외마을,35.18731389,126.8935528
중흥1동행정복지센터,35.16129444,126.9144944
중흥1동행정복지센터,35.16168889,126.914875
문흥명지아파트,35.18421944,126.9236861
중흥삼거리(남),35.166875,126.9113972
중흥시장,35.16071111,126.9102139
중흥시장,35.16096667,126.9103222
효동초교입구,35.17071111,126.9112444
비아중흥아파트,35.219625,126.8191639
비아중흥아파트,35.21953889,126.8191028
쌍촌시영아파트,35.145193,126.869428
풍암모아아파트,35.12490278,126.8756639
쌍촌시영아파트,35.14496111,126.8686611
화순공공도서관입구,35.06244444,126.9836528
동면,35.03075,127.0419806
상무라인대주,35.14781389,126.8452028
상무라인대주,35.14803056,126.8446306
상무해광한신아파트,35.15329167,126.842775
상무해광한신아파트,35.15373333,126.8425861
상무한국아파트,35.15517778,126.8465528
연제현대아파트,35.19768611,126.8717056
한양아파트,35.19767778,126.8747944
신용마을,35.24464444,126.8817889
금당,35.24081667,126.8691917
송원대,35.11076389,126.8766417
송원대,35.11071111,126.8764944
하남홈플러스,35.177831,126.804738
봉선대화아파트,35.124834,126.906727
진원동초교,35.25930556,126.8637889
첨단종점,35.23884444,126.8624278
월남동,35.10190556,126.9388694
호남삼육고,35.13026,126.894867
상무지구,35.156507,126.839031
정렬사,35.043605,126.716077
정렬사,35.043646,126.716428
싸이클경기장,35.04568056,126.7184167
싸이클경기장,35.04589722,126.7184083
나주농협송현지점,35.05078889,126.72315
나주북초교,35.05120833,126.7264917
천동입구,35.05221944,126.7313056
대곡,35.228775,126.6474472
삼서초교,35.22904167,126.6500417
송곡,35.22635278,126.6519333
인지,35.22351389,126.6593417
보강입구,35.21501111,126.6580667
칠석,35.063837,126.835326
산정,35.24856,126.813699
삼서우체국,35.22990278,126.6465556
남평미래병원,35.02844722,126.8330889
농업기술원,35.02317778,126.8298111
농업기술원,35.02319722,126.82975
봉산지서,35.266375,126.9614083
봉산지서,35.26646667,126.9614528
수북사거리,35.301951,126.930547
수북사거리,35.301997,126.930617
포백,35.30458,126.926036
포백,35.304507,126.926033
수북,35.30769167,126.9199056
수북,35.30765,126.9198611
원유동,35.24246667,126.9558417
마현,35.09531389,126.8148028
마현,35.095325,126.8148028
두산테크팩,35.208975,126.8075556
두산테크팩,35.20878889,126.8075611
화순영재교육원,35.03195,127.0144417
삼서우체국,35.22989722,126.6464944
대곡,35.22885556,126.6474861
하남홈플러스,35.177614,126.804347
발산교(남),35.158925,126.895063
도동교,35.10014722,126.8780889
비아사거리,35.222975,126.8265194
비아사거리,35.223484,126.825694
명화리,35.12355556,126.7116917
화순터널,35.07535556,126.9611306
노동,35.175755,126.746551
박호1리,35.17396667,126.7452889
박뫼,35.16892778,126.7415278
박호동,35.166675,126.7410917
영락공원,35.23046944,126.9176889
용연정수장,35.09227778,126.9584
양동교,35.159088,126.897859
동천마을6단지,35.17157778,126.8698972
신아산,35.230325,126.8243222
변전소,35.20658056,126.9314139
용봉모아아파트,35.17784167,126.8952139
용전,35.238607,126.895981
안청농협,35.21676111,126.8014361
송강정,35.25176111,126.9552
봉산,35.27650833,126.9564111
양산택지사거리,35.21039167,126.8791556
양산택지사거리,35.21044722,126.8792167
지산유원지입구,35.149264,126.944558
만호마을,35.132131,126.850957
만호마을,35.131854,126.850992
만호초교,35.131884,126.8557
만호초교,35.132165,126.855588
봉선동종점,35.12190278,126.9187889
비엔날레전시관,35.18238333,126.8907833
일곡대림2차아파트,35.21023889,126.8991444
향토문화거리입구,35.16763611,126.9162111
향토문화거리입구,35.16766667,126.9163639
광주지방기상청,35.17239722,126.890675
광주지방기상청,35.17207222,126.8909056
농성1동주민센터,35.15656111,126.8905556
상무중흥아파트,35.15156111,126.8453167
상무중흥아파트,35.15136667,126.845575
무등산국립공원(증심사),35.13419167,126.9552638
매동,35.19016667,126.7425889
건국동파출소,35.21918586,126.8789826
건국동파출소,35.21922222,126.8786972
산음,35.18729722,126.7372389
법원입구,35.15203056,126.9306278
법원입구,35.15169722,126.9307722
지산유원지,35.15031667,126.9449556
지산초교,35.22938297,126.8853498
대원정사,35.22720712,126.8841553
호남권역재활병원,35.225484,126.882962
호남권역재활병원,35.225554,126.882764
송정대덕아파트,35.13588056,126.7978806
장수지하도,35.18266111,126.7911806
진곡 서길,35.21121389,126.7885194
진성,35.21373056,126.7905556
진성아파트,35.16588056,126.8729861
진성아파트,35.16604167,126.872925
대성여고,35.11853611,126.8990111
진원면사무소,35.27279167,126.833375
진원초교,35.26213333,126.8222222
찰동,35.02795833,127.0344139
찰동,35.02800833,127.034275
창암,35.20720556,126.770875
천덕리,35.00286389,126.9587833
천동(화순),35.02958333,127.048
천동(화순),35.02968889,127.0479389
천동(광산구),35.21051667,126.7612556
마당고개,35.19081667,126.8775472
첨단1동행정복지센터,35.21913056,126.8418583
고내입구,35.23809444,126.8604139
첨단도서관,35.21703056,126.8314694
첨단라인8차아파트,35.21501667,126.8346972
고내입구,35.23869167,126.8627333
청명아파트,35.16986944,126.9269139
청명아파트,35.16990278,126.9272722
광주교통방송,35.22179167,126.8455972
광주교통방송,35.22194167,126.8454889
광주다문화가족지원거점센터,35.19346667,126.8770972
광주다문화가족지원거점센터,35.19333611,126.8768528
분토(북구),35.19744444,126.9535667
화순미륭아파트,35.05823056,126.9924167
체육고/폴리텍대학,35.181975,126.8807
체육고/폴리텍대학,35.18273611,126.8809056
초동,35.25152222,126.8631111
충장로5가입구,35.15055833,126.9110778
충장로5가입구,35.15071667,126.9113667
충장사(남),35.161575,126.98065
충장사(남),35.16165833,126.9807972
충장치안센터,35.14860833,126.9134417
광주세무서,35.14807778,126.9128694
충장치안센터,35.14861111,126.9136167
치평중,35.14458333,126.8605083
칠성마을,35.16618771,126.8641064
광천동,35.16605833,126.8670583
광천동,35.16619167,126.8666694
칠성마을,35.166355,126.864529
518민주화운동기록관,35.149429,126.916271
코카콜라,35.19780278,126.8794083
코카콜라,35.197675,126.8789194
태봉새마을금고,35.167725,126.8955056
태봉새마을금고,35.16819444,126.8943306
가야농원,35.12352222,126.9301722
가야농원,35.12364722,126.9302583
영천마을9단지,35.17535278,126.8087
각화중,35.18180833,126.9375639
각화중,35.18183056,126.9373639
봉산중,35.20872222,126.8447889
봉산중,35.20886111,126.844825
일곡대림2차아파트,35.21037222,126.8993278
백운초교(남),35.135536,126.900186
칠성삼거리,35.15230833,126.6734722
칠성삼거리,35.15222222,126.6735028
삼도동행정복지센터,35.16271667,126.6987667
삼도동행정복지센터,35.16276944,126.6989667
양림마을,35.16053333,126.6961583
양림마을,35.16061389,126.69615
양촌(삼도),35.15773611,126.6944194
양촌(삼도),35.15717778,126.6939611
광암복림,35.1479,126.69105
광암복림,35.14790556,126.6911167
봉선2동행정복지센터,35.123048,126.915698
봉선2동행정복지센터,35.122937,126.915213
진월리채3차,35.114375,126.907165
진월리채3차,35.114681,126.907519
중앙대교(동),35.146727,126.912419
중앙대교(동),35.146224,126.911796
벽라리,35.05126111,126.9698972
벽라리,35.05118889,126.96985
롯데백화점(북),35.15481944,126.9111306
백제화학,35.18858333,126.7977889
백제화학,35.18852222,126.7979806
제일화학,35.18864167,126.8029
제일화학,35.18853333,126.8031361
기아차하남공장,35.20892778,126.798925
기아차하남공장,35.20874,126.799985
용산마을,35.244463,126.886162
용산마을,35.244251,126.886063
농산물품질관리원,35.21788889,126.8470083
농산물품질관리원,35.21754167,126.8468556
무등교회,35.12773,126.84761
무등교회,35.128086,126.847364
구시청사거리,35.16414167,126.9158139
구시청사거리,35.16408333,126.9156389
도선사입구,35.19538889,126.9359528
청풍학생야영장,35.17231944,126.9638139
청풍학생야영장,35.17226944,126.9637444
칠성마을사거리,35.166553,126.863642
칠성마을사거리,35.166522,126.863398
영락공원2단지,35.230427,126.920572
영락공원2단지,35.230894,126.92095
김대중컨벤션센터(마륵)역(북),35.14406111,126.8409444
세하동,35.11957758,126.83257
세하동,35.11965233,126.8324786
송화마을4단지,35.10713022,126.9045246
송화마을4단지,35.1070249,126.9042242
진월저수지(동),35.112844,126.904149
광주지방경찰청입구,35.157375,126.8004806
광주지방경찰청입구,35.158626,126.800462
신아산,35.23064167,126.8253889
금연삼거리,35.11654167,126.7548472
무등도요,35.11475,126.7490417
연산동,35.11444444,126.7411111
서진산업,35.13036111,126.761875
평동중,35.12961944,126.7530778
용동(평동),35.13464167,126.7501472
라정시내버스,35.13938889,126.7584583
영천,35.138075,126.7563972
지죽동,35.14136111,126.76265
삼광실업,35.13657222,126.76725
에이팩스,35.13716111,126.7727361
송촌동,35.13861667,126.7762778
명화전자,35.13027778,126.7675
연호전자,35.12991944,126.7567778
은빛마을,35.19076007,126.8308476
은빛마을,35.19061286,126.830817
장덕마을,35.19376,126.8152883
장덕마을,35.193225,126.8146083
고실마을,35.19725556,126.8157
고실마을,35.19661389,126.8154816
수완양우내안애,35.19988933,126.8152237
수완양우내안애,35.19976944,126.8151056
신창부영2차아파트,35.19061291,126.833789
4수원지,35.161825,126.9618056
4수원지,35.16192778,126.961875
4수원지위,35.157,126.9620194
4수원지위,35.15719167,126.9620139
5.18기념문화센터,35.15873333,126.8584444
5.18기념문화센터,35.15888889,126.8583972
각화초교,35.18066111,126.9363361
계소리1구,35.051625,126.9586444
거진,35.21180833,126.8744556
거진,35.211923,126.874294
건강협회(남),35.147873,126.888924
건강협회,35.148472,126.888435
건강협회,35.14845,126.8880917
건국동행정복지센터,35.22154722,126.8801861
경방,35.19476389,126.80445
경신여고,35.17252778,126.8886
경신여고(일방로),35.17338889,126.8887833
계림초교후문,35.16050833,126.9235167
계소리3구,35.04730833,126.9565722
계수,35.16266111,126.8577806
계수,35.16202778,126.8577194
도동고개,35.19225278,126.9357028
31사단,35.19446667,126.9042167
고려고,35.193711,126.899406
고려고,35.19311667,126.8985806
고려병원,35.05657778,126.99015
고려병원,35.05660556,126.9902333
고룡정보산업학교,35.20787222,126.7676083
공군부대,35.12614167,126.7867056
공군부대,35.12591111,126.7866611
농협공판장,35.15246111,126.9
공항역,35.144025,126.8106444
공항역,35.14406111,126.8121306
과기원,35.22455833,126.8413694
광주광역시교육청(광덕고),35.147607,126.88041
광주광역시교육청(광덕고),35.14762222,126.8805389
염주맨션,35.14333611,126.8806694
광명하이츠후문,35.162159,126.868049
광명하이츠후문,35.161713,126.866668
광산구청,35.14090833,126.7938167
광산구청,35.14023889,126.7933889
영광통,35.14249167,126.7954083
신동사거리,35.133896,126.789487
광산중,35.15881944,126.8078361
광산중,35.15905833,126.8077361
풍영정입구,35.17746667,126.8367111
광신대교,35.17607778,126.8436167
광신대교,35.17602778,126.8430361
광신아파트,35.17613611,126.9288417
광신아파트,35.17599722,126.9299333
영천마을9단지,35.17554444,126.8085083
산정중입구,35.17033611,126.803175
산정중입구,35.170228,126.802754
하남철강,35.21344167,126.8005583
광주테크노파크,35.22831389,126.8602667
광주테크노파크후문,35.23053611,126.8631222
광주테크노파크후문,35.23059167,126.8630667
풍암정,35.16033056,126.987
풍암정,35.16023056,126.9870833
도산동행정복지센터,35.12905833,126.7927167
현대교통,35.12098056,126.7797472
평동역(동),35.12482222,126.7684417
평동우체국,35.12453056,126.76125
평림,35.16770278,126.6906111
평산리(장성),35.24044444,126.7896028
평촌,35.2653,126.8386528
평화맨션,35.17273611,126.9177528
평화맨션,35.17294722,126.9173333
학동평화맨션,35.13033889,126.9327861
효동초교입구,35.16975278,126.9110389
마재우체국,35.12419167,126.8649167
마재우체국,35.12391389,126.863575
풍암저수지,35.12575556,126.8695611
풍암저수지,35.12559167,126.8701389
풍향시장,35.161925,126.929475
단전,35.183328,126.797009
안청농협,35.21678611,126.8013139
구 하남북초교,35.21340833,126.7948972
하남철강,35.21323611,126.8005056
하남3지구모아엘가,35.181806,126.795128
광산소방서입구,35.185214,126.794722
양림교,35.14190556,126.9174028
학동(본량),35.19181944,126.6700139
학동증심사입구역,35.13450278,126.9274333
학동증심사입구역,35.13434722,126.9272667
조선대병원,35.13699722,126.9252611
조선대병원,35.13665556,126.9252972
학림교,35.135827,126.921311
학림교,35.136048,126.922258
학운초교,35.13311,126.947922
한국광기술원,35.23295833,126.8584361
한국광기술원,35.23309167,126.8585444
한국단자공업,35.21366667,126.8169583
한국병원,35.15713056,126.8692556
한국병원,35.15688056,126.8690722
산업인력공단사거리,35.22811667,126.8576806
산업인력공단사거리,35.22801111,126.8577972
금호한국아파트,35.13335278,126.8593778
금호한국아파트,35.13347778,126.8590944
풍암한국아파트,35.12102778,126.8811417
일신초교,35.21038889,126.8961611
일신초교,35.21023333,126.8951611
풍암한국아파트,35.121125,126.8806528
한국알프스,35.19678611,126.7989333
계수초교,35.15538333,126.8454556
계수초교,35.15518056,126.8456222
한보요업,35.04680833,126.999275
한보요업,35.04697222,126.999275
화순용곡마을,35.06047222,126.9977639
화순용곡마을,35.06032778,126.9978028
동구문화센터,35.12844,126.930521
동구문화센터,35.128587,126.930109
일동초교,35.20688611,126.8940639
일동초교,35.20650556,126.8942
오치한전(북),35.18598889,126.9051194
오치한전,35.18496389,126.905675
오치한전,35.18560278,126.9055306
소촌서라아파트,35.14695278,126.7903
소촌서라아파트,35.14681944,126.7903972
오치한전옆,35.18426944,126.9071167
오치한전옆,35.18412778,126.9071028
전대동창회관,35.16610278,126.9143333
신창부영2차아파트,35.19086566,126.8337473
광산우산동행정복지센터,35.16198236,126.8067893
광산우산동행정복지센터,35.161338,126.8072893
광주농수산물유통센터(북),35.185051,126.820281
광주농수산물유통센터(북),35.185066,126.819713
수완모아엘가,35.18999059,126.8239621
수완모아엘가,35.19009057,126.8233788
하완마을,35.20248,126.821961
하완마을,35.202009,126.822644
수완동공원,35.200804,126.826613
수완동공원,35.20077552,126.8257922
수완중흥S-클래스 1차,35.18135833,126.8176306
수완중흥S-클래스 1차,35.181175,126.817875
정부광주지방합동청사,35.22412778,126.8487944
정부광주지방합동청사,35.22411944,126.8486166
풍암동부센트리빌,35.120597,126.865986
풍암SK뷰,35.11825,126.8667639
운리초교입구,35.122515,126.86356
운리초교입구,35.122596,126.863708
풍암동부센트리빌,35.120657,126.866152
풍암고,35.12381944,126.8687528
평동역(북),35.12511944,126.76825
무등도요,35.11468333,126.7490583
금연삼거리,35.11648333,126.754925
명화전자,35.13025278,126.7672667
서진산업,35.13016667,126.7618833
연호전자,35.12968611,126.7567556
평동중,35.12939444,126.7530944
용동(평동),35.13472222,126.7502556
영천,35.13804444,126.7561222
송촌동,35.13861667,126.7758861
에이팩스,35.13751389,126.7725833
삼광실업,35.13698056,126.7670972
지죽동,35.14144722,126.7630917
라정시내버스,35.13951667,126.7587389
연산동,35.11451667,126.7413528
동산교차로(북),35.125836,126.851012
광주지방경찰청,35.15446389,126.7992444
광주지방경찰청,35.15455556,126.7991694
소촌남계길,35.15161944,126.8047778
소촌남계길,35.15166111,126.8048389
소촌라인2차아파트,35.15151,126.801413
소촌라인2차아파트,35.151646,126.801206
진월저수지(동),35.11355,126.9047667
송화마을1단지입구,35.11060833,126.8995833
송화마을3단지,35.1105883,126.9042885
매월동(동),35.11249722,126.8457889
매월동(동),35.11266111,126.8457972
옥동차량기지,35.12091667,126.7595556
옥동차량기지,35.12103056,126.7595333
월인,35.27357778,126.8973722
월인,35.27331667,126.8975556
갈전,35.27025278,126.8996306
갈전,35.27014167,126.8997972
비아119안전센터(북),35.22074167,126.8233972
비아119안전센터(북),35.22083333,126.8233056
구신한포토닉스,35.22383333,126.8567417
구신한포토닉스,35.22390833,126.8566361
절골입구(북),35.110825,126.8290528
절골입구(북),35.11086667,126.8290083
지산유원지,35.15020556,126.94485
고령친화종합체험관,35.09693068,126.8951905
고령친화종합체험관,35.09659711,126.8956304
조각배어린이공원,35.10296944,126.9028472
조각배어린이공원,35.10301111,126.9026639
명진고,35.185125,126.8291361
명진고,35.18507778,126.8290361
대리교통광장(남),35.05262222,126.9720639
대리교통광장(남),35.05261111,126.9722
수완우미린2차,35.20027549,126.8206121
수완우미린2차,35.20025326,126.820126
수완현진에버빌1차,35.19458729,126.8232231
수완현진에버빌1차,35.19461227,126.8227371
광천E편한세상(동),35.16687778,126.8773361
동원촌,35.22115,126.82835
광주고/419역사관,35.15734444,126.9205
광주고/419역사관,35.15821667,126.9206056
광주공고,35.18816667,126.8968722
자연과학고,35.18699722,126.9139833
공간아파트,35.18920833,126.8942694
금호타운아파트,35.10966,126.896849
광주대,35.107417,126.897262
동초교,35.2061,126.9513389
동초교,35.20635556,126.95105
광주병원,35.17897778,126.9292694
광주병원,35.17810833,126.9291111
광주여대,35.16553056,126.8017861
광주여대,35.16437778,126.8019
광주역,35.16468333,126.9069722
삼성콜센터,35.16333333,126.9091167
광주역(동),35.16394722,126.9097028
광주역,35.16477778,126.9073778
광주역육교,35.16750278,126.9089944
광주역육교,35.16683056,126.9107806
중흥삼거리,35.16801667,126.9103278
4.19기념관,35.161825,126.9178361
4.19기념관,35.16208889,126.9176389
광주학생운동기념탑,35.15267,126.908613
광주학생운동기념탑,35.15282778,126.9090944
광주일고/광주고용센터,35.15506944,126.9076972
광주일고/광주고용센터,35.15525,126.9078111
남계촌,35.0937386,126.9406891
마재호반아파트,35.126237,126.856187
마재호반아파트,35.126394,126.855992
광주테크노파크,35.22831111,126.8609167
제2광천교,35.17000833,126.8841861
광천초교,35.158998,126.889058
광천초교,35.159266,126.888679
광주종합버스터미널,35.16160556,126.8797306
광주종합버스터미널,35.16113889,126.8798611
광천치안센터,35.16359167,126.8838194
광천치안센터,35.164336,126.8836
광호예식장,35.16312862,126.9067131
31사단,35.19454167,126.9040972
전남공무원교육원,35.19380278,126.8915917
구강리,35.18632222,126.7824472
구룡(본량),35.20683056,126.6869111
상무지구입구,35.14794444,126.8509639
빛고을노인건강타운,35.100023,126.894949
구암2리,35.03023056,127.0754861
구암2리,35.0303,127.0755778
구암1리,35.03343611,127.0729083
구암1리,35.03346667,127.0730389
구암,35.10373333,126.8976528
새한철강,35.21352222,126.8102833
중흥2동행정복지센터,35.16993611,126.9075056
중흥2동행정복지센터,35.16975,126.9079333
국제고,35.19971111,126.8998917
국제고,35.19863611,126.8997389
일곡사거리,35.203616,126.898557
일곡사거리,35.203498,126.898249
향토음식박물관,35.20215,126.8962528
향토음식박물관,35.20203333,126.8966722
동림I.C입구,35.174163,126.852515
그린파크,35.15593889,126.8953444
장암마을,35.14189444,126.8248583
장암마을,35.14214444,126.8247583
버들주공1단지,35.16631944,126.8606194
버들주공1단지,35.16641111,126.8611444
극락강역입구,35.17867222,126.8294694
극락강역입구,35.17890833,126.8289833
풍영정천1교,35.17511667,126.81355
풍영정천1교,35.17524167,126.8134583
금남로4가역,35.15128056,126.9135028
금남로5가역,35.152984,126.910886
금남로5가역,35.152818,126.911605
전대동창회관,35.16602222,126.9138167
해태아파트,35.15745278,126.8748389
해태아파트,35.15765556,126.8737639
해태제과,35.19533611,126.8767167
해태제과,35.19524722,126.8769611
목련마을8단지,35.17973889,126.8155028
엔씨백화점,35.16178056,126.9076806
방림교,35.13250556,126.9253889
일동중,35.20349167,126.8940472
일동중,35.20423611,126.8942083
일곡청솔4차아파트,35.20686667,126.9011972
일곡현대3차아파트,35.20986111,126.9012889
용봉현대3차아파트,35.18143333,126.8954667
용봉현대3차아파트,35.18176944,126.8954139
현대아파트,35.17905833,126.9175139
현대아파트,35.17892778,126.9186111
화정현대아파트,35.15431389,126.8766333
쌍촌현대아파트,35.15771667,126.8661944
쌍촌현대아파트,35.15786111,126.8664861
화정현대아파트,35.15393611,126.8767472
지상정밀,35.20240278,126.8008556
지상정밀,35.20220278,126.800825
서광주세무서,35.15095833,126.8607778
서광주세무서,35.15104444,126.8632194
호남맨션,35.15749722,126.935625
호남맨션,35.15765278,126.9354028
상무호반3차,35.15968611,126.8631528
첨단호반3차아파트,35.21146944,126.8486333
첨단호반3차아파트,35.21136667,126.8488083
비아호반아파트,35.22343889,126.8242667
첨단라인아파트,35.21753611,126.8387611
송정호반아파트,35.126802,126.789745
송정호반아파트,35.126949,126.789686
광주중,35.12598611,126.85535
신창호반아파트,35.19908889,126.8382222
광주중,35.125806,126.855433
비아호반아파트,35.22330556,126.8242139
첨단생활체육공원,35.21011111,126.8512806
첨단생활체육공원,35.21008333,126.8514722
홍림교,35.13170833,126.9359444
홍림교,35.13208611,126.9353444
화산(장성),35.19679444,126.6664528
화순제일중,35.05441111,126.976375
화순광업소,35.03333611,127.0699083
화순광업소,35.03342778,127.070025
화순교(남),35.059625,126.9892583
화순교(남),35.05961389,126.9893861
화순교(동),35.06040278,126.9893639
대리교통광장(서),35.05300278,126.9712556
화순군선거관리위원회,35.06338611,126.9801111
화순군선거관리위원회,35.063325,126.9800056
화순부영3차아파트,35.06035833,126.9940944
화순부영3차아파트,35.06051389,126.9941944
화순시장,35.05960278,126.9825694
화순역,35.052375,126.9622583
화순영재교육원,35.031975,127.01455
화순우체국,35.06039722,126.9914917
화순주유소,35.06130556,126.9837444
화순전남대병원,35.05919722,127.0019667
화순전남대병원,35.05906389,127.0020667
화순전남대병원입구,35.06040278,126.9996333
화순전남대병원입구,35.06024722,127.00035
화순중(북),35.05699444,126.9797083
화순중(남),35.05562778,126.9790056
화순터미널,35.05568889,126.9831333
화암,35.15453333,126.9695417
화암,35.154375,126.9696333
학운초교,35.133046,126.948146
염주사거리(서),35.14359167,126.8740167
화정남초교,35.13895278,126.8729861
화정남초교,35.13919444,126.8731694
화정역,35.15226111,126.8776778
성덕마을,35.19074068,126.8165708
성덕마을,35.19101258,126.8165569
수완새한포유,35.18751333,126.814205
수완새한포유,35.18805,126.8140383
수완중흥S-클래스 2차,35.18342172,126.8139492
수완중흥S-클래스 2차,35.183122,126.813456
성덕교,35.19082778,126.8251667
성덕교,35.19064167,126.8252117
하남2지구,35.17595,126.797966
하남2지구,35.175958,126.798846
수완영무예다음,35.19531333,126.8186083
수완영무예다음,35.1952,126.8187733
하남부영3차아파트,35.17785278,126.7951944
하남부영3차아파트,35.17768889,126.7955
하남공단체육공원,35.19113996,126.7940036
화천기공,35.196725,126.8068383
화천기공,35.19681667,126.8060383
수완진흥더루벤스,35.19546333,126.8130333
수완진흥더루벤스,35.19596667,126.8127567
하남초교,35.18035667,126.7988383
하남초교,35.18012333,126.798235
효덕초교,35.11229782,126.8969076
다사로움1차아파트,35.173905,126.8002433
다사로움1차아파트,35.17441167,126.8000733
산정초교,35.17241443,126.8019395
산정초교,35.172706,126.801284
하남2지구,35.17692833,126.7961056
광주농수산물유통센터(서),35.184235,126.817372
광주농수산물유통센터(서),35.18437,126.8176217
효령동,35.2424519,126.9164833
효령동,35.2421639,126.9167129
빛고을CC,35.10216667,126.8998111
빛고을CC,35.10225278,126.8993139
지실,35.18561111,127.0064972
지실,35.18551944,127.0064444
유산교,35.18409722,127.0082889
유산교,35.18403889,127.0082278
송화마을1단지,35.10899971,126.8998253
진남초교,35.10813957,126.902926
송화마을5단지,35.106496,126.906252
송화마을5단지,35.106542,126.906424
진월남양휴튼,35.10822734,126.9051576
도천저수지,35.21221389,126.8278528
도천저수지,35.21163056,126.8275417
송화마을3단지,35.11042154,126.9045997
망향동산길,35.21005278,126.9313917
망향동산길,35.2101,126.9313528
닭뫼,35.18166111,127.0077417
닭뫼,35.18165833,127.0077944
평촌,35.176154,127.010321
문화전당역,35.14543333,126.9213
문화전당역,35.14628889,126.9188361
큰별초교,35.18301613,126.8212903
큰별초교,35.18296389,126.8208861
수완아름공원,35.18437529,126.8268263
수완아름공원,35.18459722,126.8275028
조선대학교병원,35.13988333,126.9253806
수완지구,35.19913218,126.8326648
대전파출소(서),35.27700833,126.8882917
대전파출소(서),35.276925,126.8882611
대흥리,35.29606944,126.9346694
대흥리,35.29610833,126.9346
대전파출소(남),35.27685278,126.8885278
신남마을,35.27188611,126.8886056
신남마을,35.27183056,126.888675
문화전당역,35.14547222,126.9190639
수완지구,35.19903135,126.832469
대진운수,35.23973611,126.8935667
보광사,35.19221111,126.9367611
보광사,35.19212778,126.9368917
용전입구,35.24068611,126.8952
용전입구,35.24095,126.8954056
수완보건지소,35.19711521,126.8251634
수완보건지소,35.19737823,126.8254745
일곡청솔4차아파트,35.20711944,126.9013806
유격훈련장,35.21301389,126.9009833
용봉현대1차아파트,35.17713889,126.8888972
용봉현대1차아파트,35.1772,126.8889972
신촌 윗길(4수원지),35.185825,126.9579389
신촌 윗길(4수원지),35.18574167,126.9579083
풍암금호아파트,35.124525,126.8834222
풍암금호아파트,35.124475,126.8832639
금호시영아파트,35.13653,126.859218
상무금호아파트,35.14938889,126.8426167
상무금호아파트,35.149275,126.8428361
금호아파트,35.18143889,126.9333528
금호아파트,35.181,126.9341306
어등초교,35.16449444,126.8086528
어등초교,35.164,126.808425
소촌금호아파트,35.15418889,126.8074028
소촌금호아파트,35.15290833,126.8071889
금호타이어,35.14468333,126.7903361
금호타이어,35.14495,126.7903611
광주공고입구,35.18875556,126.8990833
광주공고입구,35.18889167,126.8988778
첨단라인아파트,35.217875,126.8386472
기아자동차,35.15876944,126.8768167
기아자동차,35.15815556,126.8769139
기아차정문,35.16413889,126.8771833
기아차정문,35.16459722,126.8770917
기아차중문,35.162035,126.872462
5.18자유공원,35.14807778,126.8402278
5.18자유공원,35.147825,126.8404194
까치고개,35.14048611,126.90205
까치고개,35.13921389,126.9018917
꽃동네,35.12688333,126.7767889
꽃동네,35.12705833,126.7767194
내남입구,35.0959091,126.9402771
남계(장성),35.26986667,126.8294056
양림휴먼시아2차,35.13534722,126.9176833
남광주사거리,35.13824722,126.9236278
학강교,35.13968056,126.9192778
남구문화예술회관,35.12214722,126.9176528
남구문화예술회관,35.12245278,126.9176139
구남구청,35.12355833,126.9091917
구남구청,35.12408333,126.9085889
남동,35.17956111,126.6821444
전남대병원오거리,35.14343056,126.920775
전남대병원오거리,35.144025,126.921225
남면사무소,35.00697222,127.0953167
남면사무소,35.00700556,127.0954917
남광주역,35.13860556,126.9218944
남광주역,35.13827,126.92193
광암교입구,35.17134167,126.8768917
광암교입구,35.17114722,126.8767639
신흥목재포장,35.21637222,126.8094583
신흥목재포장,35.21638333,126.8095972
삼영특수강,35.20899722,126.8102139
첨단2동행정복지센터,35.21407222,126.8428889
호남샤니,35.19678889,126.8025806
호남샤니,35.19659444,126.8021667
광주남초교,35.12635278,126.9313472
광주남초교,35.12705278,126.9308306
내남,35.08901944,126.9313167
내등,35.18902778,126.7617194
육판리,35.0917625,126.9421844
육판리,35.092041,126.9424896
생룡,35.228731,126.899374
넘은골,35.03477778,127.0660028
넘은골,35.03480833,127.0665056
노대,35.09913611,126.9051667
녹동,35.10573333,126.937475
녹서,35.20053333,126.6653306
녹진,35.26243333,126.7881444
동면농공단지,35.02638889,127.0174472
동면농공단지,35.02645556,127.0175389
유창허니문,35.17732222,126.8989694
유창허니문,35.17741667,126.8988556
그린파크,35.15584167,126.8944667
농성1동주민센터,35.15615278,126.8912417
농성파출소,35.149861,126.889012
화정역,35.15203611,126.8779306
화정사거리,35.15002222,126.8782583
화정사거리,35.15022778,126.8782722
유니버시아드힐스테이트,35.147525,126.8842556
유니버시아드힐스테이트,35.14770833,126.8848583
화정중,35.14533889,126.8821639
화정중,35.14548056,126.8822111
화정중흥파크,35.1553,126.8831556
화정중흥파크,35.155025,126.883617
경방,35.19483611,126.8046472
오선동,35.20045556,126.795325
황산,35.17813889,126.7173806
광주학생독립운동기념관,35.14484722,126.8646306
동부교육청,35.16844167,126.9132194
동부교육청,35.168425,126.9135806
흑석,35.19586667,126.7508556
흑석사거리(동),35.17992778,126.809575
흑석사거리(서),35.180224,126.807363
CBS방송국,35.14011944,126.8585389
CBS방송국,35.140561,126.858826
5.18기념공원,35.15608056,126.8551278
5.18기념공원,35.15606667,126.8548528
대성초교,35.14364444,126.9071028
KT&G광주공장,35.20145,126.8743139
KT&G광주공장,35.20115833,126.8747639
김대중컨벤션센터(마륵)역,35.14264167,126.8400611
한국알프스,35.19656944,126.7993444
중소기업진흥공단호남연수원,35.20249167,126.9353583
월암,35.14123056,126.8371917
동천우미린아파트,35.17182222,126.8691333
공군부대후문,35.12583056,126.7873694
보문고,35.15212222,126.7807472
매방골,35.15175278,126.7770389
선암,35.15073611,126.7727361
호남대,35.149375,126.7685389
샛터마을,35.15121111,126.7565889
서봉마을,35.1517,126.7502333
동명고입구,35.154352,126.740175
동명고,35.15508889,126.7392472
송산유원지,35.15833611,126.7381861
송산유원지(종점),35.16273056,126.7399028
중방,35.15289167,126.7358889
운평,35.15306944,126.731525
죽산,35.168,126.7293889
풍숙,35.17264722,126.7279861
가삼,35.15659722,126.7219917
송산,35.15895833,126.7163917
동백훈련장,35.15967222,126.7111278
지동(광산구),35.16091667,126.7078778
삼도초교,35.16285278,126.7012389
도림,35.1667,126.7009806
명도삼거리,35.17003611,126.7000194
봉정,35.16354722,126.6935944
금복중,35.16166667,126.6848167
삼암,35.16243889,126.6789028
삼도삼거리,35.16320556,126.6746833
삼도서초교,35.16030833,126.6719306
칠성,35.15732778,126.6721056
마암,35.15043889,126.6633167
용성자동차학원,35.15002778,126.6590972
대야,35.1374,126.6733722
우치,35.13837778,126.6671167
쌍내,35.13640833,126.6635528
망월,35.13746667,126.6614722
대봉삼거리,35.13898056,126.6599389
대봉,35.14242222,126.6607861
상무자동차학원,35.14863611,126.6592444
가산(북),35.13416389,126.6770944
가산,35.13033611,126.6789111
송학입구,35.12127222,126.6830528
광산구유스호스텔,35.11645278,126.684725
내기마을,35.111716,126.691415
신동마을,35.10983056,126.6928278
복굴,35.110945,126.699052
학동마을,35.112764,126.705378
대덕마을,35.113528,126.707359
명동삼거리,35.12132778,126.71575
월곡마을,35.12445,126.7077167
광주무역회관,35.16109444,126.8098139
광주무역회관,35.16164444,126.8098722
광주김치타운,35.109432,126.867301
능주교,34.99675,126.9598056
능주교,34.99654444,126.9598444
주도리입구,35.02961944,126.9546028
주도리입구,35.02945,126.9545722
양지마을,35.20461667,126.8816722
양지마을,35.20451389,126.8814222
두산,35.108645,126.760753
조산서길,35.1075786,126.7616924
조산동길,35.1059079,126.7633167
기룡마을입구,35.0996701,126.7677156
동곡동행정복지센터,35.0989937,126.7720929
관두,35.1006813,126.7816928
유림마을,35.0999775,126.7881637
동곡송정마을입구,35.1020784,126.7934773
동곡송정,35.104987,126.793539
복호,35.1076327,126.7892639
팽호,35.1097305,126.7859705
상선길,35.1178635,126.7821501
상선길,35.1176983,126.7820501
팽호,35.1095222,126.78623
복호,35.1073934,126.7897373
동곡송정,35.1048532,126.7938166
동곡송정마을입구,35.102111,126.7933281
유림마을,35.1000431,126.7883381
관두,35.1008413,126.781697
동곡동행정복지센터,35.0990982,126.7722855
기룡마을입구,35.0998256,126.7677412
조산동길,35.1059828,126.7633421
조산서길,35.1075581,126.761889
두산,35.108755,126.760683
동곡분토,35.086117,126.781542
마곡,35.082553,126.784366
동곡분토,35.085978,126.781706
명도삼거리,35.170153,126.700191
명도삼거리,35.169706,126.700124
신등,35.195197,126.770492
신용초등학교,35.210585,126.8586567
첨단휴먼시아,35.20802,126.8586317
신용초등학교,35.21066833,126.8588633
첨단휴먼시아,35.20798833,126.8588567
전남고,35.146547,126.843137
전남고,35.146269,126.842901
대우디오빌,35.151703,126.850462
대우디오빌,35.151519,126.851213
풍암SK뷰,35.118198,126.866439
금강1길,35.135587,126.795705
금강1길,35.135171,126.79608
지원2동주민센터(남),35.120161,126.932827
하남초교,35.179139,126.799605
하남초교,35.179137,126.79944
제2수원지,35.098109,126.963689
상무역(북),35.14736076,126.8485147
광주송정역(동),35.137125,126.7920217
용산지구,35.11707399,126.9290641
수완지구(KS병원),35.1986266,126.8326393
선운휴먼시아,35.1484152,126.7789307
선운휴먼시아,35.1484052,126.7786407
수문초교입구,35.19618622,126.8369188
수문초교입구,35.19629186,126.836946
덕흥마을입구,35.1688081,126.8355616
덕흥마을입구,35.1686912,126.8353606
덕흥동,35.1692086,126.833414
럭키금속,35.13427495,126.7708146
럭키금속,35.1341229,126.7711178
월전공원,35.13354866,126.7668334
월전공원,35.13352066,126.7670989
평동역(남),35.12465724,126.7680445
평동산단로,35.1211225,126.768387
평동산단로,35.12142,126.7687375
아르네코리아,35.116556,126.770605
아르네코리아,35.116572,126.770932
원두공원,35.1189952,126.7759612
원두공원,35.1189963,126.7755944
평동공단,35.11965238,126.7772829
평동공단,35.1198981,126.7772293
덕흥삼거리,35.16753545,126.8380943
동산교차로,35.125301,126.850484
선운중학교,35.1485319,126.7760311
선운중학교,35.1483959,126.7761551
광주시립인광병원,35.162852,126.667576
상무지구기점,35.157058,126.838676
상무지구종점,35.157067,126.839004
인탑스(서),35.134435,126.760978
인탑스(서),35.1344185,126.7608109
농성파출소,35.15001944,126.8891
농소,35.02626111,127.0295167
농소,35.02638611,127.0296778
한국농어촌공사,35.15150278,126.8649833
건국동행정복지센터,35.22226093,126.8808873
농장다리,35.15099444,126.929225
농장다리,35.15114722,126.9269278
패밀리농장,35.20536944,126.6637806
신덕마을,35.135063,126.786627
신덕마을,35.134893,126.786499
장덕농협,35.19080833,126.8089583
장성남면농협,35.24169722,126.8113194
비엔날레전시관입구,35.18121667,126.8901333
장덕농협,35.191025,126.8090639
능주고,34.98648056,126.9599972
능주면사무소,34.99006944,126.9586306
만수리,35.01251667,126.9534056
능주사거리,34.99188611,126.9579583
능주역,34.98651389,126.9631389
능주초교,34.98851389,126.9584556
다지2구,35.04297778,127.0035917
다지2구,35.04302778,127.0037306
한국단자공업,35.21345278,126.8170667
닭전머리,35.15134167,126.9018972
닭전머리,35.15098056,126.9021667
대광여고,35.12683889,126.8975361
대광여고,35.12663056,126.89785
송정대덕아파트,35.1355,126.7977583
대덕아파트,35.15451111,126.8150306
대덕아파트,35.15446111,126.8151139
호남삼육고입구,35.12968889,126.8981028
대반초교,35.17489722,126.810225
대성사거리,35.14312222,126.9029222
대성사거리,35.142446,126.902988
대성초교,35.14322778,126.9058722
도로교통공단 대신파크,35.1822,126.9091
도로교통공단 대신파크,35.18244444,126.9090028
중앙일보,35.190535,126.804442
상무대우아파트,35.15736667,126.8472556
대인광장(서),35.15591667,126.911375
대인시장(동),35.15380278,126.9197361
대인시장(동),35.15365,126.9197667
대인시장(서),35.15332778,126.9162722
대인시장(서),35.15263333,126.9171111
대주빌라,35.17001111,126.9373194
대주빌라,35.16947778,126.9372361
마재대주아파트,35.12745556,126.8574028
풍암모아아파트,35.12521944,126.8756722
진월대주아파트,35.12125556,126.8985361
진월대주아파트,35.12170389,126.8987722
비엔날레전시관입구,35.18045833,126.8899806
마재대주아파트,35.12756389,126.857525
국립광주과학관,35.227761,126.850404
국립광주과학관,35.227575,126.8504111
장등동,35.200286,126.933692
대촌마을,35.23571389,126.8540417
광주시립미술관하정웅미술관,35.153625,126.8883056
봉선대화아파트,35.12620556,126.9058667
덕남,35.09390556,126.8988583
덕산아파트,35.16883056,126.931575
덕산아파트,35.16895556,126.9316361
덕성,35.25661389,126.7792111
중앙교회,35.27383333,126.8301861
덕촌,35.26277222,126.84105
도동고개,35.19198056,126.9352889
문흥지구입구(동),35.19089167,126.9347639
도산동,35.12693333,126.7841806
도산동,35.12700556,126.7841944
도산역,35.13096389,126.787325
도산파출소,35.12876111,126.7854167
도산파출소,35.12843056,126.7853472
도선사,35.195626,126.934697
도선사,35.19597222,126.9359528
도촌교,35.21806111,126.8113361
문화전당역(동),35.14776111,126.9190722
연동,35.12383056,126.7000667
회룡(광산구),35.123975,126.6957639
도야,35.12576667,126.6892333
신광(삼도),35.12775,126.68445
대산,35.12899167,126.6814361
대산삼거리,35.12876111,126.6800556
명화동,35.12274444,126.7216417
축산시험장,35.12380556,126.7353389
용강입구,35.12442778,126.7372861
기곡,35.126075,126.7424667
용곡입구,35.12627778,126.7448306
평동초교,35.12609444,126.7559472
옥동,35.12536111,126.7584194
상선,35.11906111,126.7802528
하선,35.11183056,126.77945
평호동,35.10780833,126.7788083
유림,35.10088611,126.7775583
동곡,35.09727222,126.7739222
호가정,35.09133889,126.7725722
창교,35.08633889,126.7720917
용봉입구,35.08126111,126.7671
용봉마을,35.07411667,126.7697944
용봉입구,35.08138611,126.7671167
성산마을,35.07332778,126.757975
노안남초교,35.06661389,126.7517806
동산마을,35.06156944,126.7490444
산정(나주),35.05343056,126.7377222
나주북초교,35.05125278,126.7258889
나주동신대,35.04896389,126.7203222
나주중앙병원,35.035725,126.7199194
나주터미널,35.03355,126.721125
성북아파트,35.03582222,126.7207111
성북육교,35.03628333,126.71695
나주금성고,35.03906667,126.7159444
나주금성고,35.03865278,126.7149889
천주교사거리,35.03578056,126.7165306
나주동신대,35.04873889,126.7204694
나주농협송현지점,35.050625,126.7229639
천동입구,35.05205556,126.7312611
산정(나주),35.05332222,126.7378667
동산마을,35.06083889,126.7485028
노안남초교,35.06637222,126.7518639
성산마을,35.07386111,126.7589306
창교,35.08677778,126.7725111
호가정,35.09141111,126.7727083
동곡,35.09815833,126.7750139
유림,35.10176944,126.7779472
평호동,35.10720278,126.7788556
하선,35.11088333,126.77945
공항,35.141437,126.810752
서창사거리,35.13938333,126.8309889
서창농협 벽진지점,35.13313611,126.8304722
마산(서창),35.12758056,126.8311528
동하,35.12162222,126.8329056
서창동주민센터,35.11430833,126.8295722
불암,35.11060556,126.8364778
매월동(북),35.11274722,126.8443167
대동고,35.11373611,126.8484056
서부자동차매매단지,35.113987,126.856128
종합유통단지,35.115246,126.85905
서부농수산물도매시장,35.117484,126.858137
공구단지,35.119704,126.858924
매월종합상가입구,35.12001,126.860707
운리마을,35.11521389,126.8677694
동명회/송원고,35.11401111,126.8698917
송암공단입구,35.10852222,126.8785333
남선산업,35.10765833,126.8848806
송하삼익아파트,35.11040278,126.8927222
대성여고,35.11798611,126.898575
송하삼익아파트,35.11103056,126.8941111
남선산업,35.10810833,126.8854306
송암공단입구,35.10889167,126.8784028
동명회/송원고,35.1141,126.8705556
운리마을,35.11550556,126.8677083
풍암대주아파트,35.11933759,126.863356
공구단지,35.119337,126.858067
화훼단지,35.116452,126.85374
대동고,35.11417222,126.8489417
절골입구(서),35.11069722,126.8287556
중촌,35.11015,126.82295
서창치안센터,35.10745278,126.8209139
일신방직,35.1364098,126.7640076
일신방직,35.136624,126.763752
남해철강(서),35.134407,126.766716
남해철강(서),35.1344109,126.7669525
월전공원(남),35.1314087,126.7671127
월전공원(남),35.1313972,126.7672729
월전마을,35.1237984,126.7776031
월전마을,35.123855,126.777873
가천아파트,35.151413,126.7877731
가천아파트,35.151326,126.787789
장덕마을(서),35.190987,126.813053
장덕마을(서),35.1908302,126.8116989
유니스전자,35.191024,126.804918
유니스전자,35.19082,126.80491
송원철강,35.197128,126.804693
송원철강,35.1972351,126.8044205
하남삼성전자사거리(남),35.202082,126.804669
하남삼성전자사거리(남),35.202167,126.804427
광신스크랩,35.206038,126.805119
광신스크랩,35.206176,126.805497
세화,35.207326,126.809982
세화,35.207473,126.809816
서암기계,35.210618,126.80995
서암기계,35.210241,126.809794
동일물산,35.213774,126.809686
동일물산,35.213801,126.809942
부국철강,35.213467,126.80487
부국철강,35.213278,126.805264
안청삼거리,35.216392,126.804773
안청삼거리,35.2165489,126.8045807
비아동주민센터(앞),35.22173,126.82456
비아동주민센터(앞),35.2218437,126.8244934
비아중,35.223181,126.835865
공군부대후문,35.12581,126.787728
근형기업,35.12951944,126.761425
근형기업,35.129583,126.7616
평동역(동),35.1249695,126.7685089
석봉운수차고지,35.1296196,126.7556305
석봉운수차고지,35.129785,126.755598
평동공원,35.132843,126.756703
평동공원,35.132983,126.756724
인탑스(동),35.13329,126.76171
인탑스(동),35.133426,126.761769
남해철강(동),35.133685,126.766222
남해철강(동),35.133832,126.766418
골옷교,35.20228,126.816236
골옷교,35.202561,126.817653
풍암중학교,35.1217918,126.8787537
풍암중학교,35.1218224,126.8786621
풍암부영아파트,35.1229515,126.8792114
풍암부영아파트,35.123344,126.87892
신암우체국,35.124476,126.878561
신암우체국,35.124461,126.878491
풍암부영아파트(정문),35.124489,126.87712
풍암부영아파트(정문),35.124428,126.877142
풍암OK마트,35.124853,126.868924
풍암OK마트,35.12472,126.868993
풍암고후문,35.1240654,126.8688278
풍암고후문,35.124055,126.868905
풍암고정문,35.1220589,126.8669891
풍암고정문,35.122027,126.866965
풍암동부아파트,35.120657,126.867316
마재호반아파트(정문),35.126843,126.855472
마재호반아파트(정문),35.126369,126.855547
마재종원아파트(정문),35.130673,126.855183
마재종원아파트(정문),35.13098,126.855386
남양아파트,35.131005,126.85687
남양아파트,35.131077,126.856948
운천역(북),35.150839,126.858707
운천역(북),35.151358,126.858332
상무고,35.1552086,126.8593292
중흥아파트사거리,35.158596,126.8595123
버들마을사거리,35.161567,126.863417
버들마을사거리,35.161459,126.863251
금호베어스타운,35.144783,126.857
마재대주아파트(후문),35.128914,126.855108
풍암동부아파트,35.12063,126.867505
중흥아파트사거리,35.1584778,126.85923
광주학생문화회관,35.1553116,126.8590775
금호호반아파트1차,35.13795009,126.8587494
쉬어가는집,35.121133,126.714957
호산병원,35.14106,126.794431
앵남역,35.050308,126.90586
앵남역,35.050306,126.905718
문화전당역(종각),35.14768333,126.9198056
문화전당역(동),35.14738333,126.918875
국립아시아문화전당(구.도청),35.14803889,126.9184556
도촌교,35.21810278,126.8112889
도현,35.21287778,126.7956139
도현,35.21284167,126.7958194
돌고개역(동),35.15223056,126.8963
돌고개역(동),35.15225556,126.8970167
동강대후문,35.17039722,126.9244167
동강대후문,35.17044722,126.9248528
대인광장(동),35.15684722,126.9127389
대인광장(동),35.15716111,126.9131278
동구노인종합복지관,35.15123333,126.9235583
동구노인종합복지관,35.15096944,126.9235667
동구청,35.14741111,126.9217889
동구청,35.14660556,126.9219639
동림마을,35.20975278,126.6889861
동림교,35.17513333,126.8639306
동림삼익아파트,35.17731389,126.8643028
동림삼익아파트,35.17756111,126.8642278
동림푸른마을,35.18713056,126.8647306
상전,35.13918056,126.8004194
동부소방서,35.15521111,126.9132444
동부소방서,35.15445278,126.9141667
동산아파트,35.15150556,126.9367306
동산아파트,35.15146389,126.9366333
동산초교,35.14920278,126.9364278
지산2동행정복지센터,35.147699,126.935767
동성고,35.11575,126.8977972
동성고,35.11437778,126.8975444
동천우미린아파트,35.17164167,126.8687222
동천마을6단지,35.171725,126.8706972
동신대한방병원,35.150058,126.896445
동신대한방병원,35.150164,126.896205
동강대,35.16891944,126.920225
동강대,35.16970833,126.9210083
동암,35.02926389,127.0508306
동암,35.02916667,127.0505028
동진맨션,35.15915833,126.9270028
동진맨션,35.15838056,126.9280028
동호,35.16998333,126.6842361
용호(광산구),35.18274167,126.6795278
대인광장(북),35.15704167,126.9117639
대인광장(북),35.15671389,126.9121139
교대금호어울림,35.16424722,126.930925
교대금호어울림,35.16458889,126.9310389
두암초교,35.16931667,126.9325361
율곡초교,35.16041111,126.9352972
율곡초교,35.16101944,126.9351306
두암타운후문,35.16146389,126.9342667
두암타운후문,35.16095556,126.9332528
등촌,35.17450833,126.9639722
등촌,35.17435833,126.9639583
첨단사거리,35.21751944,126.8406972
샛터코아,35.18574444,126.921075
봉선라인광장,35.12785833,126.9103444
봉선라인광장,35.12790833,126.9100778
두암라인동산아파트,35.17166111,126.9353889
두암라인동산아파트,35.17156944,126.9356333
문흥라인동산아파트,35.18895278,126.9257833
문흥라인동산아파트,35.18940278,126.9259583
첨단초교,35.21884722,126.8372222
첨단2동행정복지센터,35.21510556,126.8426444
첨단사거리,35.21785833,126.8408444
첨단도서관,35.21716944,126.8315167
어룡초교,35.15579444,126.7922722
어룡초교,35.15617222,126.7923806
신동사거리,35.133854,126.789155
라인효친,35.12765278,126.9179444
럭키아파트,35.13788889,126.8746639
럭키아파트,35.13796389,126.8746806
첨단롯데마트,35.21663333,126.8526778
첨단롯데마트,35.21666111,126.8528972
롯데백화점,35.15438611,126.9109556
롯데백화점,35.15431111,126.9105583
용두입구,35.099538,126.821676
학동(서창),35.09751944,126.8240722
개동,35.09166389,126.8265889
대촌한일베라체,35.08204601,126.8311447
지석사거리,35.081075,126.8334028
대촌미곡처리장,35.07676667,126.8270778
대지동상촌,35.07400833,126.8225528
대지동하촌,35.07332222,126.818525
육묘장,35.07041389,126.8158722
신장,35.05650618,126.8164355
무학초교,35.06631389,126.8056722
학촌,35.064815,126.802842
도덕,35.05957222,126.8051306
구소,35.05319167,126.8118444
양촌(대촌),35.06163611,126.7937778
유촌,35.06002222,126.7900694
승촌주택단지,35.05800556,126.7865167
승촌,35.05636944,126.7839861
월성,35.06935556,126.8024389
지동,35.07188333,126.8040639
화장앞길,35.074025,126.8036806
화장뒷길,35.07591944,126.8041917
농막,35.08258889,126.8076111
시산,35.08595278,126.8078
석정,35.08749722,126.8090833
구룡(대촌),35.09473333,126.81355
신용,35.09676111,126.8159917
봉학,35.098612,126.818868
서창농협 벽진지점,35.13278889,126.8317833
석곡파출소,35.21391667,126.9485306
보촌2구,35.22261389,126.9583361
보촌1구,35.22316944,126.9632417
해평리,35.22242778,126.9669417
고서사거리,35.22232778,126.9733556
고서중,35.224075,126.978375
교산,35.22499444,126.9846167
연동(담양),35.22497222,126.9917417
산덕,35.22858056,126.9973944
보평리,35.23351389,127.0117139
창평고입구,35.23757778,127.0146111
창평초교,35.23965278,127.0186556
창평훈련장,35.24153056,127.0227833
신갈,35.24514167,127.0251111
대덕,35.24990556,127.0381389
오강리,35.22846667,127.0051361
고서중,35.22404444,126.9778944
고서사거리,35.22256944,126.9741944
해평리,35.22249167,126.967025
보촌1구,35.22331667,126.9631889
보촌2구,35.22325833,126.9571528
석곡파출소,35.21448889,126.9489139
주평,35.23132778,126.9562611
노안동,35.23478056,126.9557417
담양월곡,35.23808056,126.9551222
유산리,35.25496944,126.9571972
죽림,35.26043333,126.9600861
연동리,35.264425,126.9586389
탄금리,35.26939722,126.9587361
봉산,35.2765,126.9564861
삼지리,35.26915,126.940125
황금리,35.27193611,126.9376972
정중리,35.27758056,126.9361861
개동리,35.281175,126.9369111
남산마을입구,35.28427778,126.9372861
만화동,35.29077778,126.9359583
나산리,35.29386111,126.9350111
하촌1길,35.29771111,126.9342333
농협판매장,35.30080556,126.9323639
수북면사무소,35.30113333,126.9278333
고성리,35.29496111,126.9237139
월성(담양),35.29335278,126.9209194
성산리,35.28903889,126.9139194
행정리,35.28766667,126.9088611
갑향리,35.28618611,126.9022472
병풍리,35.28485,126.8979444
한재초교,35.27812222,126.8905972
대치,35.27655833,126.8872778
한재중,35.27464722,126.8885667
시목,35.26055556,126.8898139
응기,35.25160833,126.8909889
삼소동입구,35.24637222,126.8875556
용산교(북구),35.24433889,126.8905833
전통공예문화학교,35.24222222,126.8977611
효령노인복지타운,35.243207,126.910541
북초교,35.244187,126.914817
앵남2구,35.048252,126.905694
앵남2구,35.048215,126.905608
화남마을,35.04435,126.904439
화남마을,35.045347,126.904919
원화리,35.039719,126.904997
원화리,35.039802,126.904779
원동마을,35.030365,126.908583
원동마을,35.030464,126.908465
도곡온천단지입구,35.027618,126.906118
도곡온천단지입구,35.027807,126.906045
도곡온천단지,35.029471,126.903647
계소리2구,35.050907,126.951131
계소리2구,35.05098,126.951152
도웅리2구,35.05074,126.946238
도웅리2구,35.050681,126.946182
도웅리1구,35.051671,126.939737
계소리,35.051673,126.958627
계소리,35.051737,126.958633
전남학숙,35.052451,126.90906
효령노인복지타운,35.24177,126.912247
명화리,35.123524,126.711609
남구청,35.131676,126.902811
첨단2부영사랑으로아파트,35.213456,126.862875
빛고을고입구,35.21314611,126.8613856
매월종합상가공구단지,35.11685,126.860247
매월종합상가공구단지,35.116732,126.86059
노대제,35.102925,126.904827
노대제,35.10282,126.905057
하남삼성전자사거리(북),35.202251,126.8053
공항,35.14086,126.809511
공군부대정문,35.1361542,126.8035355
공군부대정문,35.1359177,126.8039474
송정신한화아파트,35.1367188,126.8000412
송정신한화아파트,35.1365318,126.8001404
현대위아,35.1971487,126.7878844
현대위아,35.19718172,126.7876538
RTM,35.19997269,126.7857772
RTM,35.19998011,126.7855851
수호,35.2031851,126.7834649
수호,35.20287346,126.7834881
광주교도소,35.21432288,126.9105816
광주교도소,35.2143391,126.9107812
광주교도소,35.2143391,126.9107812
광주교도소,35.21444648,126.9046372
수완하나중입구,35.193701,126.829808
수완하나중입구,35.193701,126.830216
수완지구대,35.191052,126.828611
수완지구대,35.191435,126.828963
수완중,35.18651,126.828503
수완중,35.186702,126.828863
봉정,35.13516998,126.7222824
LG전자광주물류센터,35.20629621,126.7830286
LG전자광주물류센터,35.20658098,126.7827286
케이엔,35.20855878,126.7815303
케이엔,35.20850266,126.7813217
진곡공원,35.20973559,126.7838907
진곡공원,35.20936952,126.7843552
선진알미늄,35.20616155,126.7866957
선진알미늄,35.20614579,126.7866413
동명정공,35.20314172,126.7887952
동명정공,35.20331212,126.7888649
무등스크린,35.19842862,126.7922409
무등스크린,35.1984352,126.7923912
명진하이테크,35.19618235,126.7905975
명진하이테크,35.19615653,126.7906616
광주그린카진흥원입구,35.1941222,126.7915774
광주그린카진흥원입구,35.19423259,126.791337
진곡화물공영차고지,35.19332035,126.7948833
진곡화물공영차고지,35.19325832,126.7950614
진곡산단,35.21086145,126.7814622
진곡산단,35.21068468,126.781513
효천지구,35.098493,126.880619
효천지구,35.098708,126.880465
KTX체육기지,35.183023,126.791286
광주디자인센터,35.22344713,126.8457854
광주디자인센터,35.22326084,126.8459445
기룡마을,35.098881,126.762415
대덕훼미리아파트,35.15436214,126.8106027
대덕훼미리아파트,35.15461804,126.8107142
돈보스코학교,35.18458347,126.794116
돈보스코학교,35.18449006,126.7937531
동산마을,35.114336,126.7219
봉흥마을,35.218774,126.731083
선운리버프라임아파트,35.15106156,126.7797363
선운리버프라임아파트,35.151001,126.780249
우주선어린이공원입구,35.190805,126.81168
폭스존,35.22096389,126.8527306
폭스존,35.22012778,126.8529278
정부광주지방합동청사입구,35.22177778,126.8491222
롯데칠성,35.19896389,126.8759833
롯데칠성,35.19884167,126.875825
마당고개,35.19090833,126.877275
마령,35.20257222,126.6651333
김대중컨벤션센터(마륵)역,35.14252222,126.8403417
장성마산,35.26311111,126.791125
화정무등파크,35.15737778,126.8787611
정부광주지방합동청사입구,35.22189167,126.8489694
수동,35.01675,126.9527111
말바우시장(남),35.17054444,126.9216417
말바우시장(동),35.17242778,126.9244556
말바우시장(동),35.17238611,126.9247083
말바우시장(서),35.17151944,126.9211361
말바우시장(서),35.17152778,126.9214278
석곡동행정복지센터,35.21279722,126.9485917
석곡동행정복지센터,35.21278889,126.9484028
전남공무원교육원,35.19395,126.8914472
매곡삼익아파트,35.18824444,126.8942778
매화동(장성),35.2669,126.8273611
맥동,35.20278056,126.7538528
가마,35.17117778,126.7027583
산수2동행정복지센터,35.15383056,126.9364722
명지맨션,35.13911667,126.892625
명지맨션,35.1398,126.8919306
모아제일아파트,35.158405,126.861516
라인효친,35.12752222,126.9175
모아2차아파트,35.12798889,126.9141139
모아2차아파트,35.12805833,126.9140917
송정모아아파트,35.141075,126.802
송정모아아파트,35.14116667,126.8019306
문흥라인아파트,35.18621667,126.923525
모아제일아파트,35.158269,126.861353
버들마을,35.16183056,126.8627167
상무호반3차,35.15943056,126.8630056
광산구노인복지회관,35.17170556,126.8154667
광산구노인복지회관,35.17185556,126.8151833
광주기아챔피언스필드,35.168626,126.890232
광주기아챔피언스필드,35.168471,126.890658
광주기아챔피언스필드입구,35.16871111,126.8917222
무등도서관,35.17565,126.9270639
무등도서관,35.17444167,126.9263861
무등시장,35.13702222,126.8942028
무등시장,35.1376,126.8936306
무등시장입구(남),35.13360833,126.8957972
무등시장입구(북),35.13494722,126.8958056
무등시장입구(북),35.135008,126.895598
무등시장입구(남),35.13361389,126.89515
소태역,35.12330278,126.9325083
소태역,35.12393333,126.9320417
산수무등파크,35.157075,126.9400361
도산동행정복지센터,35.12872222,126.7923056
각화무등파크,35.17818333,126.9346861
각화무등파크,35.17863056,126.9349472
화정무등파크,35.15721667,126.8795472
학동무등파크,35.13265278,126.9315778
무양서원,35.20873889,126.8397167
무양서원,35.20887222,126.8404417
무진중,35.144625,126.9005167
무진중,35.14471944,126.8995333
유동사거리,35.15973056,126.9065833
문산중,35.19012778,126.9235639
문산중,35.19099722,126.9240361
문성석재,35.02166111,127.0769222
문화아파트,35.17535278,126.9319472
문화아파트,35.1754,126.9322917
문화예술회관,35.17545278,126.8807139
문화예술회관후문,35.17876667,126.8802722
문화중,35.17749722,126.9234639
문화중,35.17759722,126.9236389
영락공원입구,35.244154,126.915392
수곡,35.24568333,126.9191222
두촌,35.24661111,126.922625
단지삼거리,35.24896944,126.9254556
단지마을,35.24610556,126.9261806
시립공원묘지,35.23747778,126.932625
공원묘지,35.23518889,126.9350972
국립5.18민주묘지,35.23168056,126.9421528
어운,35.22687222,126.9450833
주룡,35.22325833,126.946425
복다우,35.21809167,126.9480667
공원묘지입구,35.21621389,126.9495083
태령,35.25101389,126.9277444
신평,35.25182222,126.9304417
와우리,35.25305556,126.9342417
양지,35.25373611,126.9406056
월전(담양),35.25384167,126.9430083
양지분교,35.25443889,126.94925
송강정종점,35.25305,126.9536444
원유동,35.24354722,126.9537361
담양월곡,35.23895,126.9545583
노안동,35.23582222,126.955025
주평,35.23098056,126.9559778
연천,35.17715278,127.0279028
반석,35.17891944,127.0221333
전남교육연수원,35.18238056,127.0132944
소쇄원,35.18263611,127.0119222
가사문학관,35.18720278,127.0044361
충효동환벽당,35.18668333,127.0025667
광주호호수생태원,35.18389167,127.0004861
수리,35.18248333,126.9997056
석제,35.18031944,126.9989833
금곡,35.16974444,126.9987833
충장사(북),35.16200556,126.9801861
인성고,35.10346389,126.8787222
송암동,35.09856111,126.8771278
광곡입구,35.100902,126.87064
임정,35.10189255,126.8690568
이동입구,35.09586111,126.8591333
향등,35.08908889,126.8771167
양과동,35.08673889,126.8750417
수춘,35.08525,126.8679306
이장1동,35.08729167,126.8614
이장2동,35.08816111,126.8581944
복수,35.08929444,126.8559444
포충사,35.08961944,126.8498111
원산,35.08862222,126.844625
상지석,35.086625,126.8404833
하지석,35.08364167,126.8361944
대촌동행정복지센터,35.081275,126.8342806
도촌,35.07749722,126.8366611
상칠석,35.07363056,126.8364861
어전,35.05864167,126.835325
광이리,35.05419167,126.8357222
남평교,35.05085278,126.8384611
남평농협,35.04683889,126.8404917
나주축산농협,35.04544167,126.8426333
광남고,35.03852778,126.8420778
광주어망,35.034925,126.8369806
방축마을,35.03014444,126.8329917
팔마아파트,35.02625833,126.8321222
매화동(나주),35.01984167,126.8284167
산제 아랫길,35.01728611,126.8265389
산제 윗길,35.01437222,126.82435
국립나주병원,35.00941111,126.821275
도래,34.997675,126.8207944
행정,35.00325833,126.8216472
산제 아랫길,35.017125,126.8262028
팔마아파트,35.02608056,126.8321222
남평미래병원,35.02845278,126.8331667
남평오거리,35.04650833,126.8383694
평산리,35.05678889,126.8350361
하칠석/고싸움전수관,35.06960278,126.835325
하지석,35.08353056,126.8362778
상지석,35.08635833,126.8401472
포충사,35.08960278,126.8499722
이장1동,35.08716944,126.8616667
양과동,35.08527778,126.8724306
향등,35.08981111,126.8772167
송암동,35.09895278,126.8774861
인성고,35.10328611,126.8788917
금호타운아파트,35.11003056,126.8964306
광주대,35.107166,126.897054
문성석재,35.02164167,127.0768611
우주선어린이공원입구,35.191026,126.813076
운수마을,35.15657342,126.7804399
운수마을,35.15609753,126.7808397
원사호마을,35.21596,126.730772
지실마을,35.17477,126.793913
지실마을,35.174824,126.794022
첨단병원입구,35.21880385,126.8459336
첨단병원입구,35.21881655,126.8458594
광주국제양궁장,35.133341,126.891866
광주국제양궁장,35.133155,126.891738
봉주초교,35.136653,126.889256
봉주초교,35.136429,126.889218
주월명지아파트,35.140014,126.886437
주월명지아파트,35.139695,126.886913
조선대공과대학,35.142644,126.924761
빛고을고입구,35.21290961,126.8614922
연제외촌입구,35.19763292,126.8663449
운암3동행정복지센터,35.1821614,126.8740216
운암3동행정복지센터,35.18221454,126.8739948
운암우성아파트,35.18483577,126.8771955
운암우성아파트,35.184813,126.877076
첨단2체육공원,35.20056039,126.8612014
첨단2체육공원,35.20079638,126.8617559
화인특장,35.19826056,126.8599079
화인특장,35.19806711,126.8599722
금호저수지입구,35.13268403,126.8487237
금호저수지입구,35.13303271,126.8490039
상무역(남),35.14603958,126.8488398
상무역(남),35.146138,126.84874
서구국민체육센터,35.12946517,126.8809775
서구국민체육센터,35.12988816,126.8805032
월드컵경기장 정문,35.13319356,126.87278
월드컵경기장 정문,35.13297257,126.8726202
월드컵경기장주차장,35.130807,126.877415
월드컵경기장주차장,35.1303671,126.8769199
유덕1교차로,35.16412543,126.8484757
유덕1교차로,35.16423091,126.8481461
자활촌입구,35.13845162,126.8487693
자활촌입구,35.139165,126.848986
화정우성아파트,35.136774,126.872589
화정우성아파트,35.13626591,126.8725878
희망가아파트,35.14289516,126.8488418
희망가아파트,35.142363,126.849098
비엔날레주차장,35.186256,126.884233
계소리1구,35.05085004,126.958364
계소리1구,35.05081815,126.958524
계소리3구입구,35.04838056,126.9587761
계소리3구입구,35.04830944,126.9589388
하니움스포츠센터서문,35.04831598,126.9636566
하니움스포츠센터서문,35.04846028,126.9636619
오성아파트,35.051676,126.958893
오성아파트,35.051757,126.958914
봉흥마을,35.218882,126.730931
산정,35.248341,126.813599
화순서라아파트,35.053195,126.969048
잠정햇살마을,34.984905,126.961738
잠정햇살마을,34.984957,126.961825
화순서라아파트,35.053123,126.969217
동산마을,35.114263,126.721941
대덕마을,35.113592,126.707676
학동마을,35.112902,126.705453
복굴,35.110945,126.699058
신동마을,35.109822,126.693036
내기마을,35.111824,126.691299
송학입구,35.121362,126.683152
정렬사,35.043616,126.715067
광림초교입구,35.171471,126.871035
광주이노비즈센터,35.237217,126.865906
광주이노비즈센터,35.237344,126.865974
양산GS그린자이아파트,35.209721,126.88251
양산GS그린자이아파트,35.209878,126.882598
삼도농협대산경제사업장,35.126433,126.680747
삼도농협대산경제사업장,35.126455,126.680826
월곡,35.115025,126.712514
월곡,35.115,126.712424
송암공단(세영운수),35.113963,126.875041
황곡입구,35.08814,126.839018
황곡입구,35.08815,126.83896
압촌마을,35.089676,126.838005
압촌마을,35.089802,126.838049
광주국제영어마을,35.093301,126.837468
임암입구,35.091885,126.853158
문화초교,35.17321667,126.9326944
문화초교,35.17255278,126.9327861
문흥명지아파트,35.18401667,126.9242722
문흥중,35.18652778,126.9199694
문흥1동행정복지센터,35.18774722,126.9217861
문흥1동행정복지센터,35.18735556,126.921275
문흥고가,35.18133889,126.9290028
문흥고가,35.18144444,126.928675
문흥중앙초교,35.18345278,126.9213972
문흥중앙초교,35.18353333,126.9216333
문흥지구입구(서),35.18954444,126.9335583
제일장식,35.05675,126.9924472
화순미륭아파트,35.05745278,126.9923083
박물관입구,35.18688056,126.880775
박물관입구,35.18716389,126.8799222
광주박물관,35.18635278,126.8818778
광주박물관,35.186453,126.88377
반촌,35.19165,126.8514417
방림교,35.13380278,126.9230944
방림삼거리,35.13376111,126.9185472
방송통신대,35.20963889,126.8371472
방송통신대,35.20943333,126.8372528
방혜,35.19300278,126.7743917
백길마을,35.21073611,126.7839194
백동,35.04063889,127.0069639
백동,35.04080556,127.0069889
백암,35.0247,126.9509722
장성백운,35.24402778,126.7814833
백운광장,35.131783,126.900075
백운광장,35.13095,126.89967
백운우체국,35.13589167,126.9014417
백운우체국,35.13481944,126.9013861
백운우체국,35.13518611,126.9016
백운초교(북),35.13796111,126.9014556
광주학생독립운동기념관,35.14467778,126.86415
백화아파트,35.12998056,126.9271528
유덕초교,35.16465278,126.8632583
버들마을,35.16235833,126.8627861
법림사,35.08678333,126.9352556
법림사,35.08683056,126.9356056
법원,35.15040556,126.9330611
법원,35.14987778,126.9331
벽라교,35.05007778,126.9669444
벽라리(화순역),35.053215,126.965079
첨단초교후문,35.22088889,126.8392722
서일초교,35.211237,126.897828
벽송,35.01184444,127.0820472
벽송,35.01183889,127.0818722
벽송저수지,35.01558056,127.078675
벽송저수지,35.01574722,127.0787222
벽파정,35.2035,126.7668611
보강,35.212725,126.6586306
보건대후문,35.19162778,126.8427222
보건대후문,35.191875,126.8426
보화촌,35.20608333,126.7632694
보훈병원후문,35.20870556,126.8495111
보훈병원,35.20653333,126.8480222
보훈병원,35.20674167,126.8487028
보훈병원후문,35.20885,126.8495417
광주기아챔피언스필드정문,35.16611,126.88667
광주기아챔피언스필드정문,35.166404,126.886153
복룡입구,35.21431389,126.8649139
복룡입구,35.213881,126.865509
시립장애인복지관,35.18655,126.8673028
시립장애인복지관,35.18625278,126.8676528
본량삼거리,35.17976944,126.7256667
본량학생야영장,35.19598889,126.6820972
본량초교,35.17925278,126.7230028
본량파출소,35.18126389,126.73055
오비맥주,35.19846389,126.8857778
오비맥주,35.19786111,126.8844722
봉선1동행정복지센터,35.13008611,126.9108333
봉선1동행정복지센터,35.13113611,126.9107944
조봉초교,35.122842,126.911688
조봉초교,35.12304722,126.9121222
죽림,35.261375,126.9598139
계소리1구,35.05162222,126.9587194
계소리3구,35.04729722,126.9566778
고룡정보산업학교,35.20779167,126.7676167
구강리,35.186375,126.7824778
구룡(본량),35.20685,126.6868361
빛고을노인건강타운,35.10005563,126.8951047
구암,35.10364444,126.8975361
남계(장성),35.26985278,126.8294917
내등,35.18899167,126.7617583
노대,35.09906389,126.9050528
녹서,35.20052222,126.6652611
녹진,35.26239722,126.7881917
패밀리농장,35.20555278,126.663575
장성남면농협,35.241725,126.8112583
능주고,34.98651389,126.9600639
능주면사무소,34.99006667,126.9585694
만수리,35.01251667,126.9535111
능주초교,34.98851667,126.9585167
덕남,35.09395556,126.8988944
덕성,35.25656944,126.7792722
동림마을,35.20970833,126.6890472
동호,35.16995278,126.684175
용호(광산구),35.18273056,126.6794611
마령,35.20255833,126.6650722
수동,35.01676111,126.9528333
매화동(장성),35.26685833,126.8274167
맥동,35.20279444,126.7539306
가마,35.17111389,126.7027944
방혜,35.19305556,126.7744
백길마을,35.21068056,126.7839556
백암,35.02466389,126.9510917
장성백운,35.24411389,126.7815306
벽라교,35.050025,126.9669972
벽라리(화순역),35.05308,126.965688
벽파정,35.20341944,126.7668778
보강,35.21268056,126.6585556
보화촌,35.20603056,126.7633139
본량삼거리,35.17971111,126.7256806
본량학생야영장,35.195975,126.6820361
본량초교,35.17917778,126.7230333
본량파출소,35.18124167,126.7306028
북성,35.17644444,126.7120278
남면보건지소,35.23752778,126.803325
비아농협,35.22191389,126.8247944
산수보건소,35.19221667,126.7462611
서태마을입구,35.23721111,126.8215139
삼화교,35.22275,126.7366639
상림,35.27086,126.862422
서태리1구,35.03948611,126.9509472
서태리2구,35.03155556,126.9444083
석동,35.23015556,126.7368472
성내,35.21798611,126.7496944
세량리,35.07438333,126.91365
만연빌딩,35.05577778,126.9888778
수성,35.18438611,126.6751111
수촌,35.25792222,126.8163556
신당,35.18493056,126.7347611
신등,35.19528611,126.7706778
신봉정,35.19092222,126.7649472
신촌(본량),35.18707778,126.6822333
양곡,35.20139167,126.6827694
역청공장,35.03268889,126.9474
연계삼거리,35.22588611,126.73575
연동 동길,35.20769722,126.7782278
연동 서길,35.20445833,126.7725222
연양리1구,35.04193611,126.9628611
연양리2구,35.03903611,126.9626194
연화공장,35.03476389,126.9609194
예림,35.16950278,126.6951361
오룡,35.2503,126.7428139
옥산,35.19104444,126.6742111
와산,35.240875,126.730275
외등,35.18406667,126.7532972
산막,35.19832778,126.7671444
원지리,35.00854444,126.9572806
월봉서원입구,35.23633056,126.7380222
월산(본량),35.19834444,126.6812278
월정(장성),35.23825278,126.8180583
월정,35.24446111,126.8637222
임곡교,35.20762778,126.7521444
광일고,35.21985,126.7429583
가정,35.21648889,126.7527944
임암입구,35.09194,126.853131
이동입구(서),35.095655,126.859075
이동입구(서),35.095731,126.859089
태양식물원,35.101036,126.866313
태양식물원,35.101201,126.866377
진로아파트/현대2차아파트,35.20517,126.895751
진로아파트/현대2차아파트,35.205314,126.89585
국제고등학교,35.199392,126.900766
고려중,35.193445,126.898678
고려중,35.19356,126.899217
용봉동 도나우타운,35.183149,126.89405
용봉동 도나우타운,35.183303,126.893296
용봉 한국아델리움 아파트,35.178453,126.892345
용봉 한국아델리움 아파트,35.178663,126.892112
용봉 한국아델리움 아파트 후문,35.177607,126.892801
용봉 한국아델리움 아파트 후문,35.177586,126.8929197
경신여자고등학교,35.175915,126.890258
경신여자고등학교,35.175765,126.890352
운암동 경신여고,35.173395,126.889223
문흥지구입구(남),35.188246,126.934042
상공회의소 임시정류소,35.14996,126.883389
힐스테이트 각화,35.186654,126.938284
힐스테이트 각화,35.186649,126.937962
운암산코오롱하늘채아파트,35.1789681,126.860704
운암산코오롱하늘채아파트,35.17900757,126.8607885
용봉현대1차,35.17728,126.888933
용봉현대1차,35.177031,126.889002
살레시오고입구,35.213512,126.897855
살레시오고입구,35.213392,126.897648
살레시오고교,35.216512,126.895162
전남대용봉탑,35.175078,126.905975
동천6단지,35.171759,126.871236
동천6단지,35.171514,126.870834
경암근린공원,35.180325,126.802313
경암근린공원,35.180087,126.802405
하남초교(북),35.18107,126.799815
하남초교(북),35.181135,126.79962
유애서원,35.181962,126.804719
유애서원,35.181872,126.805016
입하마을,35.104423,126.875546
입하마을,35.104654,126.875114
광주김치타운입구,35.106941,126.867
광주김치타운입구,35.10707,126.866768
광주효천시티프라디움,35.1018,126.873113
광주효천시티프라디움,35.102081,126.873062
신효천마을,35.098299,126.878441
용산초교,35.118751,126.930941
용산초교,35.118868,126.930826
용산지구모아엘가에듀파크,35.11726,126.925941
용산지구모아엘가에듀파크,35.117311,126.926372
용산지구대성베르힐,35.117157,126.922323
용산지구대성베르힐,35.117496,126.923503
지원2동행정복지센터,35.120199,126.932869
지원2동행정복지센터,35.120068,126.932911
광주공원(동),35.149215,126.910239
계림오거리,35.154572,126.922332
계림오거리,35.154404,126.922395
로제비앙아파트,35.155209,126.924281
로제비앙아파트,35.154864,126.924298
두산위브아파트,35.158452,126.924443
두산위브아파트,35.158339,126.924446
광주송하동우편집중국,35.108182,126.879646
효천1지구입구,35.106286,126.877559
효천1지구입구,35.106211,126.877681
임동주공아파트,35.16829,126.885675
연제외촌,35.19718,126.866786
연제외촌,35.19722,126.866949
힐스테이트연제아파트,35.19607,126.870133
힐스테이트연제아파트,35.19595,126.870099
주월주택단지(임시),35.136528,126.897252
남광주역(안),35.13869859,126.9227407
전남대병원/남광주시장(안),35.13983038,126.9223544
광주송정역(안),35.13820833,126.7917333
연합의원,35.04331,126.8429617
연합의원,35.04314333,126.8430383
교촌마을,35.04074833,126.8429583
교촌마을,35.04069167,126.843055
LH1단지,0,0
봉선라인아파트,35.12568056,126.9094056
양림휴먼시아1차,35.13436389,126.9138167
양림휴먼시아1차,35.13406944,126.9130917
봉선삼익사거리,35.12675556,126.9112
봉선삼익사거리,35.12648889,126.9113222
매곡대화아파트,35.19206389,126.8921556
무양서원입구,35.21075556,126.8426667
무양서원입구,35.21110833,126.8428639
화순부영아파트,35.05895833,126.9923083
마재부영아파트,35.12433889,126.8596444
마재부영아파트,35.12438333,126.8600639
서림초교입구,35.160597,126.900038
서림초교입구,35.16069,126.900396
오치1동행정복지센터,35.19100278,126.9053
북구청,35.17341944,126.9138
북구청,35.17349,126.914354
북구보건소,35.17301111,126.9104361
북구보건소,35.17274167,126.9100306
북부경찰서,35.18716389,126.9001889
북부경찰서,35.18734444,126.8998694
북성,35.17648056,126.7119667
남면보건지소,35.23746667,126.8033167
비시동,35.21359722,126.7568889
비아농협,35.22200278,126.8247722
산월초교입구,35.21219722,126.8368111
산월초교입구,35.21188056,126.8371472
첨단금호아파트,35.22137222,126.8361389
비아중,35.22275,126.8351556
비아119안전센터(서),35.22019444,126.8227194
비아119안전센터(서),35.22015556,126.8228472
화순사평,35.00615278,127.098825
사평중,35.00799167,127.0886556
사평중,35.008025,127.0890222
사평초교,35.00765,127.0933611
사평초교,35.00778889,127.0933167
산동교,35.18936667,126.857825
산수보건소,35.19224722,126.7461778
산수시장,35.15419722,126.9317806
산수동우체국,35.15548611,126.9308278
산수시장,35.15428889,126.9315278
산수동우체국,35.15543611,126.9310861
산수2동행정복지센터,35.15506724,126.936624
산업인력공단,35.22876667,126.8567194
산업인력공단,35.22856667,126.8567361
살레시오고,35.21667778,126.8946361
살레시오여고,35.14729444,126.9276667
살레시오여고,35.14723333,126.9279361
삼각그린타운,35.19626667,126.9000222
원삼각마을삼일아파트,35.19863611,126.9034556
전남고입구,35.144835,126.844473
명도삼거리,35.17009722,126.7000639
유동사거리,35.15891389,126.9064389
목련마을6단지,35.17756667,126.8174028
하남삼성전자,35.20220278,126.8079361
하남삼성전자,35.20240556,126.8067222
상촌(임곡),35.231178,126.73101
삼영특수강,35.20885556,126.8103444
삼우아파트,35.16595833,126.8704611
삼우아파트,35.16610556,126.8706056
삼익세라믹,35.13059722,126.9293806
삼익세라믹,35.13054167,126.9292056
양산타운,35.211978,126.872863
양산타운,35.21148611,126.8731222
봉선삼익아파트(북),35.12570014,126.9131612
봉선삼익아파트(남),35.123705,126.912451
봉선삼익아파트(남),35.1244,126.912211
원삼각마을삼일아파트,35.19813333,126.9036611
삼정초교,35.16684444,126.9372111
삼정초교,35.16598333,126.9370361
서태마을입구,35.23715556,126.8214361
일곡삼호아파트,35.21361944,126.8978694
일곡삼호아파트,35.21347778,126.8977417
임곡동행정복지센터,35.21925278,126.7446833
임곡역,35.21868889,126.7457361
원임곡,35.22056389,126.7408694
임곡정수장,35.21516111,126.7468194
입석,35.18856944,126.7402139
자풍,35.25046944,126.7716889
작동,35.2618,126.8448417
장수동,35.18347944,126.7890092
종산제입구,35.24460278,126.7400667
종산,35.23846667,126.7384417
주도리3구,35.03220556,126.9396417
장성남중,35.24351667,126.8126944
매동,35.19012778,126.74265
산음,35.18725278,126.7373
장수지하도,35.18268333,126.7911139
진곡 서길,35.21115556,126.7885722
진성,35.21368611,126.7905944
창암,35.20713611,126.7708361
천덕리,35.00290278,126.9589056
천동(광산구),35.21048889,126.7611778
평림,35.16763889,126.6906417
평산리(장성),35.24049722,126.7896472
구 하남북초교,35.21333611,126.7948889
학동(본량),35.19177778,126.6700083
화산(장성),35.19676667,126.6663833
화순제일중,35.05436111,126.9764194
화순교(동),35.06055556,126.9893556
대리교통광장(서),35.05293056,126.9712556
화순시장,35.059575,126.9826139
화순우체국,35.06053056,126.9915
화순주유소,35.06129167,126.9838194
화순중(북),35.05695556,126.9797611
화순중(남),35.05568889,126.9790056
화순터미널,35.05575278,126.9831417
황산,35.178075,126.7174111
흑석,35.19583611,126.7509083
송산유원지,35.15833611,126.7381389
중방,35.15283056,126.7358972
운평,35.153,126.731525
죽산,35.16798056,126.7293278
풍숙,35.17262778,126.7279167
가삼,35.15654444,126.7219611
송산,35.15888056,126.7164139
동백훈련장,35.15960556,126.7111194
지동(광산구),35.16084722,126.7078611
금복중,35.161575,126.6848306
삼암,35.16236667,126.6788806
삼도삼거리,35.16315278,126.6746694
삼도서초교,35.16030556,126.6719917
칠성,35.15734167,126.672175
마암,35.150375,126.6633389
용성자동차학원,35.14997778,126.6591139
대야,35.13733611,126.6733861
우치,35.13833611,126.6671778
쌍내,35.13633333,126.6635528
망월,35.13741389,126.6614028
대봉삼거리,35.13897222,126.6598861
대봉,35.14243333,126.660725
상무자동차학원,35.148625,126.6591917
가산(북),35.13419722,126.6771639
가산,35.13035278,126.6789639
송학,35.10836944,126.6851972
광산구유스호스텔,35.11649444,126.6846556
명동삼거리,35.12135556,126.7157583
월곡마을,35.12438333,126.707725
연동,35.12374444,126.7000889
회룡(광산구),35.1239,126.6957417
도야,35.12569722,126.6892111
신광(삼도),35.12768056,126.6844278
대산,35.128925,126.6814056
대산삼거리,35.12870556,126.6800861
명화동,35.12280833,126.7216333
축산시험장,35.12386667,126.7353083
용강입구,35.12449444,126.7372556
기곡,35.12614722,126.7424361
용곡입구,35.12636389,126.7448222
평동초교,35.12615556,126.7559611
옥동,35.12543056,126.7584722
평동우체국,35.12455278,126.7614083
마산(서창),35.12758056,126.8312194
동하,35.12163611,126.8329667
서창동주민센터,35.11430833,126.8296417
불암,35.11065833,126.8364556
대방엘리움2차,0,0
LH2단지,0,0
대방엘리움1차,0,0
이지더원아파트,0,0
이지더원아파트,0,0
영무예다음,0,0
영무예다음,0,0
실감미디어센터,0,0
남면사무소,35.243855,126.8128383
남면사무소,35.243935,126.8130133
송암공단,35.111593,126.884311
우치공원,35.222357,126.902025
비아1동,35.22472,126.82539
금호2동주민센터,35.128848,126.856387
금호2동주민센터,35.128732,126.85581
EG아파트,35.127626,126.855252
EG아파트,35.127591,126.855032
보건환경연구원,35.145161,126.871939
평촌도요지,35.180298,127.008084
평촌도요지,35.180228,127.008273
신용중입구,35.211531,126.864151
신용중입구,35.211795,126.864304
첨단2호반아파트,35.20788,126.864269
첨단2호반아파트,35.2071,126.864534
첨단과학산업단지,35.202443,126.863915
첨단과학산업단지,35.203532,126.864353
보훈회관(518민주화운동교육관),35.150684,126.838988
보훈회관(518민주화운동교육관),35.150102,126.838625
시립제2요양병원,35.0944099,126.8979874
시립제2요양병원,35.0946465,126.8977814
지원화훼단지,35.116049,126.93534
신기교,35.1018066,126.8954544
신기교,35.1015511,126.8954239
대동마을,35.103338,126.889477
대동마을,35.1030579,126.8897476
효천초교,35.10030729,126.8835623
효천초교,35.10027049,126.8833183
효천천년나무3단지,35.10168,126.888927
신효천마을,35.098114,126.8780289
빛고을전남대병원,35.0946312,126.8966751
신수교,35.2002296,126.8667526
연제외촌입구,35.197979,126.8661804
빛고을로입구,35.1996078,126.8635788
화암마을위,35.1581459,126.9740219
화암마을위,35.158989,126.9740067
무등산국립공원(증심사),35.13401,126.95509
신효천마을,35.098528,126.879838
육판서길,35.086598,126.938809
육판서길,35.08653,126.938843
보훈회관(서),35.151512,126.836622
보훈회관(서),35.151725,126.83652
제일장식,35.056508,126.992273
다사랑병원,35.12821,126.838006
다사랑병원,35.128684,126.838542
하남1교,35.176718,126.796478
하남1교,35.176579,126.796251
운암마을,35.154153,126.693424
운암마을,35.154148,126.693542
문화예술위원회,35.02102,126.78213
호수공원,35.0210533,126.7892227
우정사업정보센터,35.0229378,126.7943497
국립전파연구원,35.0227,126.794171
한빛1교,35.025387,126.792961
전력로,35.028737,126.790637
혁신로,35.0304794,126.796814
빛가람행정복지센터,35.0213013,126.7901001
한전KDN,35.02135,126.78267
평동우체국(동),35.124858,126.762208
조선대장미원,35.141979,126.92805
조선대병원입구,35.141788,126.927905
조선대대학원,35.14341,126.931352
조선대해오름관,35.140555,126.93202
조선대해오름관,35.140156,126.931956
조선대학교,35.141137,126.933385
대창운수,35.227433,126.851356
서창사거리,35.13919,126.831799
화순부영아파트,35.059528,126.992535
협심상사,35.14395,126.888932
남부시장,35.145761,126.88755
전력거래소,35.0211754,126.7792358
한국농촌경제연구원,35.02169479,126.7782326
명지맨션아파트,35.12705163,126.9183594
명지맨션아파트,35.12707138,126.9182467
광명그린아파트,35.12933307,126.9183165
광명그린아파트,35.12944275,126.9181824
