버정거리총합,상호개수,교통사고건수,보호구역개수,화재발생건수,주유소명,주소,위도,경도
0.190140845,0.852941176,0.093093093,0.177419355,0.093023256,직영충전소,전북 전주시 덕진구  혁신로 360번지,35.864542,127.0694015
0.014084507,0.088235294,0.003003003,0.064516129,0.011627907,(유)삼영에너지,전북 전주시 완산구 쑥고개로 11 (용복동),35.7908099,127.0688591
0.415492958,0.558823529,0.277777778,0.596774194,0.395348837,(유)푸른기업충전소,전북 전주시 완산구  모악로 4483 (석구동),35.7864603,127.1288413
0.021126761,0.205882353,0.018018018,0,0.034883721,㈜진성에너지 색장충전소,전북 전주시 완산구 춘향로 4900 (색장동),35.7850864,127.1952794
0.028169014,0.264705882,0.018018018,0.016129032,0.034883721,전주유성LPG충전소,전북 전주시 완산구  춘향로 4981,35.7868343,127.1938907
0.197183099,0.352941176,0.205705706,0.290322581,0.360465116,한일충전소,전북 전주시 완산구 콩쥐팥쥐로 1695 (효자동3가),35.8222348,127.0843408
0.401408451,0.794117647,0.114114114,0.193548387,0.104651163,전주오렌지충전소,전북 전주시 덕진구 온고을로 523,35.8537666,127.072686
0.176056338,0.294117647,0.069069069,0.080645161,0.406976744,(유)동유산업 상림충전소,전북 전주시 완산구 콩쥐팥쥐로 1586,35.8247227,127.0729819
0.169014085,0.735294118,0.099099099,0.193548387,0.11627907,경기장LPG충전소,전북 전주시 덕진구 원반월길 106 (장동),35.8645597,127.0616682
0.584507042,0.558823529,0.564564565,0.612903226,0.686046512,서곡가스충전소,전북 전주시 완산구 온고을로 192 (효자동3가),35.8381614,127.1040332
0.063380282,0.205882353,0.027027027,0.048387097,0,SK행복충전 소망가스충전소,전북 전주시 완산구 춘향로 5271,35.8002397,127.1718967
0.35915493,0.352941176,0.216216216,0.516129032,0.255813953,하은충전소,전북 전주시 완산구 쑥고개로 181 (삼천동 3가),35.7991996,127.0960576
0.478873239,0.470588235,0.471471471,0.661290323,0.546511628,(주)반디이원 전주점,전북 전주시 완산구 쑥고개로 330 (효자동2가),35.801944,127.1018201
0.218309859,0.294117647,0.081081081,0.306451613,0.255813953,(유)일진LPG충전소,전북 전주시 완산구 우림로 1084 (중인동),35.7830064,127.1073603
0.302816901,0.411764706,0.220720721,0.451612903,0.337209302,전주평화LPG충전소,전북 전주시 완산구 모악로 4601,35.7809141,127.12584
0.014084507,0.147058824,0.018018018,0,0,대광LPG충전소,전북 전주시 완산구 춘향로 4881,35.7786857,127.1982269
0.056338028,0.294117647,0.052552553,0.112903226,0.034883721,SK행복충전 길상LPG충전소,전북 전주시 덕진구 삼례로 115 (반월동),35.8879766,127.0767264
0,0.264705882,0.010510511,0,0.023255814,SK행복충전 고랑엘피지충전소,전북 전주시 덕진구 삼례로 168,35.8929623,127.0773985
0.169014085,0.382352941,0.072072072,0.209677419,0.093023256,(주)대일에너지,전북 전주시 덕진구 사거리길 8,35.8737527,127.152206
0.295774648,0.264705882,0.255255255,0.338709677,0.546511628,SK행복충전 전주산정충전소,전북 전주시 덕진구 전진로 62,35.8422486,127.1752626
0.232394366,1,0.123123123,0.193548387,0.220930233,동산LPG충전소,전북 전주시 덕진구 기린대로 898 (동산동),35.8631365,127.0869277
0.422535211,0.676470588,0.629129129,0.5,0.395348837,은혜충전소,전북 전주시 덕진구  신복로 2 (팔복동1가),35.8527103,127.1123056
0.281690141,0.558823529,0.288288288,0.290322581,0.197674419,SK행복충전 서림가스충전소,전북 전주시 덕진구 동부대로 844,35.8622781,127.1517989
0.14084507,0.382352941,0.058558559,0.161290323,0.093023256,만남의충전소,전북 전주시 덕진구  초포다리로 194 (호성동1가),35.8731144,127.1573089
0.288732394,0.529411765,0.21021021,0.338709677,0.325581395,덕진LPG충전소,전북 전주시 덕진구  동부대로 1230,35.8701752,127.1118772
0.598591549,0.529411765,0.71021021,0.532258065,0.558139535,오송충전소,전북 전주시 덕진구 동부대로 1260,35.848752,127.1464411
0.302816901,0.823529412,0.406906907,0.35483871,0.23255814,(유)전주에너지충전소,전북 전주시 덕진구 신복로 96 (팔복동1가),35.8583201,127.1052734
0.732394366,0.382352941,0.866366366,0.564516129,0.279069767,SK행복충전 호남가스충전소,전북 전주시 덕진구 기린대로 424 (금암동),35.8410418,127.1362788
0.345070423,0.441176471,0.126126126,0.35483871,0.23255814,SK행복충전 전주오케이충전소,전북 전주시 덕진구 동부대로 933,35.8675998,127.1448758
0.225352113,0.882352941,0.108108108,0.193548387,0.209302326,SK행복충전 대성엘피지충전소,전북 전주시 덕진구 기린대로 930 (동산동),35.8646616,127.0837523
0.781690141,0.5,0.807807808,1,0.755813953,(주)피더스이앤에스 완산충전소,전북 전주시 완산구 거마평로 223 (효자동1가),35.8119763,127.1137074
0.176056338,0.823529412,0.091591592,0.129032258,0.220930233,SK행복충전 비사벌충전소,전라북도 전주시 덕진구  기린대로 720 (팔복동1가),35.8609153,127.0944977
0.436619718,0.676470588,0.602102102,0.5,0.395348837,신협제2LPG충전소,전북 전주시 덕진구 기린대로 646,35.8514,127.1105068
0.591549296,0.588235294,0.564564565,0.629032258,0.686046512,개인택시신용협동조합LPG충전소,전북 전주시 완산구 온고을로 180,35.8374957,127.1043307
0.281690141,0.411764706,0.402402402,0.467741935,0.558139535,(유)백제주유소,전북 전주시 완산구 효자로 67-3 (효자동3가),35.8186344,127.0928224
0.415492958,0.735294118,0.10960961,0.225806452,0.093023256,금성주유소,전북 전주시 덕진구 기린대로 1003 (여의동),35.8532739,127.0701587
0.690140845,0.352941176,0.644144144,0.693548387,0.581395349,해오름셀프,전북 전주시 완산구 아중로 94,35.8239065,127.1606182
0.274647887,0.294117647,0.195195195,0.403225806,0.255813953,베스트주유소,전북 전주시 완산구 쑥고개로 255 (효자동2가),35.8004559,127.0931795
0.704225352,0.411764706,0.66966967,0.709677419,0.581395349,마당재주유소,전북 전주시 완산구 아중로 90,35.8238128,127.1602275
0.274647887,0.382352941,0.391891892,0.338709677,0.360465116,해뜰날(주)효자로,전북 전주시 효자로 15,35.8209416,127.0880408
0.028169014,0.294117647,0.018018018,0.016129032,0.034883721,착한13주유소,전북 전주시 완산구 춘향로 5006,35.7899112,127.1935841
0.070422535,0.323529412,0.06006006,0.14516129,0.151162791,따봉주유소,전북 전주시 완산구 모악로 4485,35.7710396,127.1227884
0.387323944,0.794117647,0.111111111,0.225806452,0.104651163,착한2주유소,전북 전주시 덕진구 온고을로 566,35.8563431,127.0687998
0.387323944,0.823529412,0.123123123,0.225806452,0.104651163,(유)고덕물류 여의동지점,전북 전주시 덕진구 온고을로 534,35.8548409,127.0718641
0.232394366,0.676470588,0.096096096,0.177419355,0.081395349,장동주유소,전북 전주시 덕진구 온고을로 644,35.8605048,127.0631697
0.049295775,0.235294118,0.021021021,0.016129032,0.046511628,현대주유소,전북 전주시 완산구 춘향로 5197 (대성동),35.8003626,127.1781044
0.288732394,0.470588235,0.226726727,0.370967742,0.313953488,착한5주유소,전북 전주시 덕진구 동부대로 1192,35.8701285,127.1166702
0.401408451,0.823529412,0.123123123,0.209677419,0.104651163,더드림주유소,전북 전주시 덕진구 온고을로 541,35.8546006,127.0708628
0.035211268,0.235294118,0.018018018,0.016129032,0.046511628,싼셀프주유소,전북 전주시 완산구 춘향로 5190,35.7993097,127.1795313
0.373239437,0.794117647,0.114114114,0.258064516,0.162790698,할인주유소,전북 전주시 덕진구 온고을로 361 (팔복동3가),35.8456117,127.0900234
0.126760563,0.794117647,0.078078078,0.209677419,0.313953488,웰컴주유소,전북 전주시 덕진구 감수길 87-15,35.8706645,127.0983123
0.169014085,0.411764706,0.058558559,0.161290323,0.093023256,황금주유소,전북 전주시 덕진구 초포다리로 176,35.8712677,127.1584757
0.26056338,0.470588235,0.411411411,0.403225806,0.360465116,서진셀프주유소,전북 전주시 완산구 유연로 48 (효자동3가),35.8233799,127.0911747
0.866197183,0.647058824,0.852852853,0.903225806,0.895348837,스타주유소,전북 전주시 완산구 서원로 313 (중화산동2가),35.811965,127.1288006
0.035211268,0.294117647,0.018018018,0.016129032,0.034883721,기쁨주유소,전북 전주시 완산구 춘향로 5129 (색장동),35.7971465,127.1870877
0.704225352,0.529411765,0.714714715,0.822580645,0.709302326,비전주유소,전북 전주시 완산구 천잠로 217 (효자동2가),35.805586,127.1091945
0.823943662,0.441176471,0.719219219,0.887096774,0.61627907,삼성Self주유소,전북 전주시 완산구 견훤왕궁로 74 (중노송동),35.8271012,127.1541168
0.035211268,0.264705882,0.018018018,0.016129032,0.093023256,고덕주유소,전북 전주시 완산구 동부대로 46 (색장동),35.7999075,127.1923579
0.774647887,0.529411765,0.675675676,0.693548387,0.546511628,용머리주유소,전북 전주시 완산구 용머리로 268 (서완산동1가),35.8103311,127.1393231
0.767605634,0.470588235,0.737237237,0.822580645,0.558139535,참사랑주유소,전북 전주시 완산구  안행로 70 (효자동1가),35.802431,127.1354236
0.774647887,0.5,0.732732733,0.790322581,0.558139535,대국셀프주유소,전북 전주시 완산구 안행로 65,35.8024792,127.1347327
0.225352113,0.558823529,0.267267267,0.193548387,0.197674419,대한에너지,전북 전주시 덕진구 초포다리로 70,35.8623519,127.1599961
0.246478873,0.411764706,0.091591592,0.258064516,0.093023256,전주농협주유소,전북 전주시 덕진구 완주로 55 (호성동2가),35.8717465,127.1487757
0.394366197,0.352941176,0.274774775,0.306451613,0.302325581,남고산셀프주유소,전북 전주시 완산구 남고산성1길 10-68 (동서학동),35.8070631,127.1576897
0.676056338,0.382352941,0.576576577,0.758064516,0.546511628,현대오일뱅크 동현주유소,전북 전주시 덕진구 견훤로 182 (인후동1가),35.8281207,127.1604344
0.14084507,0.176470588,0.018018018,0.096774194,0.081395349,약수터주유소,전북 전주시 완산구 춘향로 5319 (대성동),35.8015535,127.1664065
0.042253521,0.205882353,0.063063063,0.080645161,0.081395349,사랑주유소,전북 전주시 덕진구 번영로 477 (용정동),35.8802137,127.053357
0.042253521,0.235294118,0.037537538,0.032258065,0.104651163,성덕주유소,전북 전주시 덕진구 번영로 222 (성덕동),35.8688904,127.0456464
0.183098592,0.588235294,0.054054054,0.14516129,0.093023256,경기장주유소,전북 전주시 덕진구 온고을로 675 (장동),35.8560289,127.0561302
0.26056338,0.911764706,0.075075075,0.096774194,0.244186047,CJ대한통운㈜ 공단주유소,전북 전주시 덕진구 팔복로 167,35.8544657,127.0887863
0.563380282,0.617647059,0.675675676,0.548387097,0.593023256,역전셀프주유소,전북 전주시 덕진구  동부대로 748 (우아동3가),35.846833,127.1555889
0.295774648,0.911764706,0.453453453,0.35483871,0.23255814,팔복주유소,전북 전주시 덕진구 기린대로 714,35.8545934,127.1043366
0.669014085,0.470588235,0.89039039,0.596774194,0.720930233,만땅주유소,전북 전주시 덕진구 기린대로 509 (덕진동1가),35.8446227,127.1243542
0.183098592,0.5,0.069069069,0.161290323,0.197674419,빼어날수주유소,전북 전주시 덕진구 초포다리로 100 (호성동1가),35.8649602,127.1606307
0.774647887,0.588235294,0.63963964,0.806451613,0.581395349,(유)고덕물류 직영주유소,전북 전주시 덕진구 건산로 201 (인후동1가),35.8340188,127.159147
0.528169014,0.617647059,0.3003003,0.596774194,0.569767442,(주)필오일싼3주유소,전라북도 전주시 완산구  천잠로 16,35.7926716,127.1097391
0.028169014,0.235294118,0.01951952,0.016129032,0,소망주유소,전북 전주시 완산구  춘향로 5265 (대성동),35.7930023,127.1749153
0.014084507,0.147058824,0,0,0,색장주유소,전북 전주시 완산구 춘향로 4860 (색장동),35.7774563,127.1990367
0.971830986,0.470588235,0.810810811,0.758064516,0.872093023,어은터널주유소,전북 전주시 덕진구 어은로 127 (진북동),35.8240879,127.1294805
0.605633803,0.382352941,0.645645646,0.596774194,0.639534884,고향주유소,전북 전주시 완산구 견훤로 87 (남노송동),35.8197738,127.1610978
0.295774648,0.911764706,0.108108108,0.258064516,0.209302326,그린주유소,전북 전주시 덕진구 온고을로 462 (여의동),35.8598796,127.0743409
0.471830986,0.588235294,0.376876877,0.483870968,0.465116279,행복주유소,전북 전주시 덕진구 동부대로 641 (우아동3가),35.8501591,127.1601588
0.732394366,0.588235294,0.557057057,0.919354839,0.61627907,진영주유소,전북 전주시 완산구 안행로 13 (삼천동1가),35.8002583,127.1299839
0.76056338,0.470588235,0.698198198,0.85483871,0.674418605,안행주유소,전북 전주시 완산구 안행로 58 (효자동1가),35.8016528,127.1343766
0.471830986,0.588235294,0.376876877,0.483870968,0.465116279,낙원주유소,전북 전주시 덕진구 동부대로 624 (우아동3가),35.8501591,127.1601588
0.267605634,0.294117647,0.198198198,0.419354839,0.406976744,풍천주유소,전북 전주시 완산구  구이로 2057 (평화동3가),35.7811532,127.1298592
0.584507042,0.647058824,0.424924925,0.822580645,0.558139535,룰루랄라주유소,전북 전주시 완산구 장승배기로 62,35.7920862,127.1197118
0.450704225,0.352941176,0.358858859,0.532258065,0.546511628,동전주주유소,전북 전주시 덕진구 전진로 14,35.8403074,127.1704499
0.049295775,0.088235294,0.031531532,0.080645161,0,에코플러스주유소,전북 전주시 덕진구 과학로 258 (전미동1가),35.8921051,127.1281827
0.929577465,0.441176471,1,0.758064516,0.837209302,목원주유소,전북 전주시 덕진구 전주천동로 390 (진북동),35.8287185,127.1299291
0.042253521,0.294117647,0.04954955,0.096774194,0.034883721,섬진주유소,전북 전주시 덕진구 삼례로 123 (반월동),35.8886544,127.0767341
0.570422535,0.411764706,0.493993994,0.661290323,0.569767442,장승배기주유소,전북 전주시 완산구 장승배기로 283,35.799559,127.142791
0.514084507,0.470588235,0.403903904,0.661290323,0.523255814,행복가득주유소,전북 전주시 완산구 장승배기로 270 (평화동1가),35.7968897,127.1398584
0.443661972,0.441176471,0.471471471,0.709677419,1,파크셀프주유소,전북 전주시 완산구 천잠로 517,35.8191447,127.0986127
0.014084507,0.088235294,0.001501502,0.064516129,0.011627907,서린2주유소,전북 전주시 완산구 선비로 1444 (용복동),35.7901744,127.0681497
0.232394366,0.852941176,0.106606607,0.209677419,0.081395349,전인주유소,전북 전주시 덕진구 혁신로 558 (여의동),35.8622528,127.0692544
0.169014085,0.794117647,0.094594595,0.177419355,0.081395349,기분조은주유소,전북 전주시 덕진구 기린대로 1090,35.8712345,127.0681295
0.408450704,0.529411765,0.273273273,0.596774194,0.395348837,평화셀프주유소,전북 전주시 완산구 모악로 4595 (평화동3가),35.7868646,127.1305746
0.830985915,0.588235294,0.656156156,0.951612903,0.744186047,한옥마을주유소,전북 전주시 완산구 기린대로 242 (서노송동),35.8252685,127.1458969
0.197183099,0.264705882,0.097597598,0.290322581,0.255813953,새하늘주유소,전북 전주시 완산구 쑥고개로 216 (삼천동3가),35.7979605,127.0898801
0.422535211,0.676470588,0.393393393,0.419354839,0.220930233,행복날개주유소,전북 전주시 덕진구 온고을로 256 (팔복동3가),35.8442937,127.0957541
0.612676056,0.529411765,0.695195195,0.725806452,0.5,신흥셀프주유소,전북 전주시 완산구 쑥고개로 369 (효자동2가),35.8038805,127.105278
0.345070423,0.852941176,0.13963964,0.177419355,0.23255814,샘물주유소,전북 전주시 덕진구 온고을로 441,35.8553018,127.0775156
0.366197183,0.794117647,0.12012012,0.225806452,0.104651163,(주)해뜨는여의동,전북 전주시 덕진구 기린대로 1036 (여의동),35.8566143,127.0693701
0.147887324,0.117647059,0.043543544,0.161290323,0.174418605,착한12주유소,전북 전주시 덕진구 과학로 198 (전미동1가),35.8865616,127.1294784
0.190140845,0.852941176,0.093093093,0.177419355,0.093023256,(주)대한민국만세주유소,전북 전주시 덕진구 혁신로 466  (장동),35.864542,127.0694015
0.661971831,0.529411765,0.732732733,0.838709677,0.802325581,유연로주유소,전북 전주시 완산구 유연로 59 (효자동3가),35.8243075,127.1066943
0.394366197,0.470588235,0.552552553,0.564516129,0.593023256,신도시주유소,전북 전주시 완산구 천잠로 411 (효자동3가),35.8229014,127.0964447
0.169014085,0.235294118,0.01951952,0.209677419,0.058139535,정동주유소,전북 전주시 완산구 계룡산길 146,35.7813649,127.1046742
0.492957746,0.5,0.554054054,0.580645161,0.604651163,삼남주유소,전북 전주시 완산구 천잠로 457 (효자동3가),35.8264845,127.0981792
0.309859155,0.588235294,0.273273273,0.258064516,0.186046512,고객사랑주유소,전북 전주시 덕진구 초포다리로 21,35.858264,127.1577462
0.007042254,0.294117647,0.013513514,0.048387097,0.023255814,광명주유소,전북 전주시 덕진구 삼례로 153 (화전동),35.89153,127.0766708
0.774647887,0.529411765,0.815315315,0.919354839,0.709302326,SK강변주유소,전북 전주시 완산구 강변로 212 (효자동1가),35.809063,127.1118433
0.443661972,0.5,0.405405405,0.435483871,0.825581395,(주)새론에너지,전북 전주시 덕진구 온고을로 259,35.8411641,127.0971209
0.422535211,0.676470588,0.393393393,0.419354839,0.220930233,서부대로주유소,전북 전주시 덕진구 온고을로 377 (팔복동3가),35.8442937,127.0957541
0.246478873,0.529411765,0.18018018,0.306451613,0.186046512,싼2주유소 주식회사,전북 전주시 덕진구  동부대로 1167 (송천동2가),35.8717114,127.1088868
0.647887324,0.529411765,0.354354354,0.774193548,0.476744186,지에스칼텍스(주)글로리주유소,전북 전주시 완산구 장승배기로 209,35.7969025,127.1353231
0.091549296,0.411764706,0.054054054,0.129032258,0.034883721,지에스칼텍스(주)고랑주유소,전북 전주시 덕진구 삼례로 72,35.8838613,127.0774354
0.070422535,0.352941176,0.054054054,0.129032258,0.034883721,거북이주유소 ㈜기센에너지 전주지점,전북 전주시 덕진구 삼례로 97,35.8862862,127.0768956
0.204225352,0.382352941,0.249249249,0.290322581,0.360465116,현대오일뱅크(주)직영 한일주유소,전북 전주시 완산구 콩쥐팥쥐로 1701 (효자동3가),35.8219614,127.0851286
0.35915493,0.735294118,0.378378378,0.370967742,0.23255814,상리주유소,전북 전주시 덕진구 상리2길 67,35.8502971,127.0999002
0,0,0,0,0.046511628,기린봉주유소,전북 전주시 덕진구 동부대로 189 (우아동1가),35.8207654,127.2016275
0.852112676,0.441176471,0.83033033,0.790322581,0.802325581,(유)그린피앤엘 시온주유소,전북 전주시 완산구 백제대로 286,35.8188047,127.1233045
0.767605634,0.382352941,0.875375375,0.548387097,0.279069767,대학로self주유소,전북 전주시 덕진구 백제대로 600,35.8410194,127.1352862
0.352112676,0.323529412,0.225225225,0.419354839,0.302325581,예스주유소,전북 전주시 덕진구 사근1길 23-23 (송천동2가),35.8684957,127.1305519
0.471830986,0.588235294,0.376876877,0.483870968,0.465116279,비사벌주유소,전북 전주시 덕진구 동부대로 600 (우아동3가),35.8501591,127.1601588
0.330985915,0.558823529,0.256756757,0.370967742,0.337209302,서림주유소,전북 전주시 덕진구 동부대로 850 (호성동1가),35.864005,127.1467104
0.288732394,0.588235294,0.276276276,0.241935484,0.186046512,(유)도원플러스주유소,전북 전주시 덕진구 동부대로 798 (호성동1가),35.8589814,127.1527419
0.295774648,0.588235294,0.274774775,0.241935484,0.186046512,(유)오송스마트주유소,전북 전주시 덕진구 동부대로 786,35.8584518,127.1557314
0.852112676,0.529411765,0.843843844,0.758064516,0.790697674,대림싼주유소,전북 전주시 덕진구 들사평서로 17,35.8375583,127.1202502
0.802816901,0.558823529,0.777777778,0.903225806,0.755813953,전주제일주유소,전북 전주시 완산구 거마평로 153,35.8060974,127.1164459
0.366197183,0.588235294,0.462462462,0.403225806,0.5,솔내주유소,전북 전주시 덕진구 시천로 25 (송천동1가),35.8614628,127.1145055
0.302816901,0.441176471,0.219219219,0.419354839,0.302325581,에코시티주유소,전북 전주시 덕진구 동부대로 1021 (송천동2가),35.8719799,127.1201996
0.38028169,0.529411765,0.076576577,0.209677419,0.093023256,로또주유소,전북 전주시 덕진구 온고을로 440 (만성동),35.842481,127.0743859
0.126760563,0.617647059,0.072072072,0.14516129,0.186046512,동부대로주유소,전북 전주시 덕진구 동부대로 988 (송천동2가),35.8721382,127.1041026
0.676056338,0.470588235,0.674174174,0.612903226,0.372093023,구도일주유소덕진,전라북도 전주시 덕진구  가련산로 39 (덕진동2가),35.8428603,127.1122349
0.901408451,0.470588235,0.794294294,0.85483871,0.686046512,두리주유소,전북 전주시 완산구 전주천동로 326 (태평동),35.823736,127.1384268
0.35915493,0.441176471,0.345345345,0.5,0.372093023,소망제일주유소,전북 전주시 완산구 쑥고개로 283,35.8015456,127.0961632
0.147887324,0.617647059,0.072072072,0.177419355,0.186046512,(유)오송 이레주유소,전북 전주시 덕진구 동부대로 985 (송천동2가),35.8719662,127.1048465
0.204225352,0.264705882,0.027027027,0.274193548,0.255813953,일진주유소,전북 전주시 완산구 우림로 1076,35.7824406,127.1071487
0.11971831,0.647058824,0.088588589,0.14516129,0.011627907,강남주유소,전북 전주시 덕진구 동부대로 1556,35.8776851,127.078187
0.316901408,0.264705882,0.268768769,0.387096774,0.546511628,태평양주유소,전북 전주시 덕진구 전진로 54 (산정동),35.8421653,127.1746824
0.161971831,0.617647059,0.094594595,0.161290323,0.11627907,전주나들목주유소,전북 전주시 덕진구  온고을로 757 (반월동),35.8717109,127.0628728
0.14084507,0.735294118,0.094594595,0.177419355,0.058139535,동산제일주유소,전북 전주시 덕진구  쪽구름3길 25-48 (동산동),35.8740041,127.0789926
0.183098592,0.264705882,0.102102102,0.306451613,0.139534884,양지주유소,전북 전주시 완산구 구이로 2011,35.7774017,127.1284523
0.767605634,0.411764706,0.681681682,0.806451613,0.593023256,SK에너지㈜ 노송주유소,전북 전주시 완산구 아중로 55 (중노송동),35.8232762,127.156456
0.26056338,0.558823529,0.207207207,0.322580645,0.186046512,(유)오송주유소,전북 전주시 덕진구 동부대로 1256,35.8702414,127.1094945
0.654929577,0.588235294,0.599099099,0.806451613,0.558139535,SK에너지㈜ 은벽셀프주유소,전북 전주시 덕진구 안덕원로 318 (인후동1가),35.8375835,127.1617228
0.084507042,0.558823529,0.06006006,0.14516129,0.058139535,태정주유소,전북 전주시 덕진구 동부대로 1520 (고랑동),35.8802665,127.087475
0.274647887,0.911764706,0.124624625,0.112903226,0.209302326,유진주유소,전북 전주시 덕진구 원만성로 45 (팔복동3가),35.8533536,127.0851191
0.225352113,0.970588235,0.105105105,0.193548387,0.220930233,통큰셀프주유소,전북 전주시 덕진구 기린대로 950 (동산동),35.8650947,127.0816867
0.161971831,0.764705882,0.186186186,0.14516129,0.302325581,감수리주유소,전북 전주시 덕진구 감수길 35 (팔복동4가),35.8655321,127.1002971
0.218309859,0.735294118,0.243243243,0.193548387,0.279069767,북전주주유소,전북 전주시 덕진구 기린대로 911 (팔복동2가),35.8554553,127.095419
0.711267606,0.294117647,0.857357357,0.548387097,0.26744186,시티주유소,전북 전주시 덕진구 백제대로 629 (금암동),35.8427264,127.1355278
0.14084507,0.264705882,0.039039039,0.209677419,0.255813953,은일주유소,전북 전주시 완산구 쑥고개로 174,35.7958359,127.086404
0.76056338,0.647058824,0.605105105,0.903225806,0.418604651,삼천주유소,전북 전주시 완산구 성지산로 37,35.8008146,127.122075
1,0.470588235,0.843843844,0.741935484,0.813953488,(유)피노키오주유소,전북 전주시 완산구 백제대로 341 (중화산동2가),35.8231163,127.1253753
0.169014085,0.764705882,0.094594595,0.177419355,0.11627907,혁신주유소,전북 전주시 덕진구 온고을로 739 (반월동),35.8713998,127.067245
0.176056338,0.323529412,0.069069069,0.14516129,0.406976744,서전주주유소,전북 전주시 완산구 콩쥐팥쥐로 1613,35.8251019,127.0757553
0.021126761,0.205882353,0.006006006,0.032258065,0.011627907,동양주유소,전북 전주시 덕진구 전미로 231 (전미동2가),35.8884969,127.1051035
0.718309859,0.617647059,0.57957958,0.612903226,0.5,바울주유소,전북 전주시 완산구 전라감영로 4 (다가동2가),35.81308,127.1428548
0.056338028,0.411764706,0.028528529,0.032258065,0.151162791,(유)백석주유소,전북 전주시 덕진구 전미로 186 (전미동2가),35.8855158,127.1084198
0.176056338,0.794117647,0.082582583,0.14516129,0.23255814,남양주유소,전북 전주시 덕진구  반룡2길 8 (팔복동2가),35.8599938,127.0914689
0.408450704,0.529411765,0.462462462,0.403225806,0.186046512,샘터주유소,전북 전주시 덕진구 호성로 20 (우아동3가),35.8539324,127.1527514
0.401408451,0.617647059,0.115615616,0.225806452,0.127906977,흥국주유소,전북 전주시 덕진구 기린대로 961 (여의동),35.8474865,127.0742214
0.274647887,0.911764706,0.138138138,0.177419355,0.23255814,세진셀프주유소,전라북도 전주시 덕진구  기린대로 674 (팔복동2가),35.8583835,127.0857998
0.154929577,0.235294118,0.069069069,0.080645161,0.081395349,상림주유소,전북 전주시 완산구 콩쥐팥쥐로 1560,35.824755,127.0698097
0.795774648,0.5,0.840840841,0.887096774,0.755813953,청솔주유소,전북 전주시 완산구 중화산로 50 (중화산동2가),35.8146827,127.1184566
0.169014085,0.294117647,0.066066066,0.274193548,0.255813953,(유)호마주유소,전북 전주시 완산구 쑥고개로 198,35.7970968,127.0885314
0.197183099,0.529411765,0.069069069,0.161290323,0.197674419,현대오일뱅크(주)직영 호성주유소,전북 전주시 덕진구 초포다리로 91,35.8641478,127.159821
0.183098592,0.352941176,0.06006006,0.193548387,0.406976744,기린주유소,전북 전주시 완산구 콩쥐팥쥐로 1621,35.8249402,127.0767643
0.985915493,0.5,0.899399399,0.838709677,0.918604651,OK셀프주유소,전북 전주시 덕진구 기지로 221,35.8293872,127.1343073
0.176056338,0.294117647,0.069069069,0.080645161,0.406976744,그랑프리주유소,전북 전주시 완산구 콩쥐팥쥐로 1582 (상림동),35.8247936,127.0723591
0.147887324,0.5,0.115615616,0.161290323,0.069767442,현대오일뱅크㈜직영 전주IC주유소,전북 전주시 덕진구 번영로 480 (반월동),35.8736723,127.0596561
0,0.264705882,0.010510511,0,0.023255814,(유)황금물류주유소,전북 전주시 덕진구 삼례로 168 (고랑동),35.8929623,127.0773985
0.154929577,0.382352941,0.058558559,0.161290323,0.093023256,신명주유소,전북 전주시 덕진구 초포다리로 191,35.8724686,127.1571076
0.591549296,0.588235294,0.564564565,0.629032258,0.686046512,신협주유소,전북 전주시 완산구 온고을로 180 (효자동3가),35.8374957,127.1043307
0.767605634,0.558823529,0.848348348,0.709677419,0.581395349,어울림주유소,전북 전주시 덕진구 심방죽로 63 (인후동2가),35.8415245,127.1515251
0.323943662,0.352941176,0.250750751,0.451612903,0.441860465,우아주유소,전북 전주시 덕진구 아중로 220 (우아동1가),35.8282075,127.1734766
0.021126761,0.088235294,0.001501502,0.016129032,0.034883721,석구주유소,전북 전주시 완산구 구이로 1828 (석구동),35.7614393,127.125947
0.070422535,0.176470588,0.018018018,0.129032258,0.069767442,중인주유소,전북 전주시 완산구 우림로 1008 (중인동),35.777412,127.1034908
0.028169014,0.117647059,0.010510511,0.080645161,0.034883721,해성주유소,전북 전주시 완산구 우림로 934 (용복동),35.7743462,127.0962035
0.112676056,0.558823529,0.088588589,0.161290323,0.058139535,톨게이트주유소,전라북도 전주시 덕진구  기린대로 1144 (반월동),35.8804978,127.0705898
0.570422535,0.588235294,0.555555556,0.629032258,0.686046512,SK에너지(주) 서곡주유소,전북 전주시 완산구 온고을로 186 (효자동3가),35.8378254,127.1038255
0.845070423,0.5,0.966966967,0.85483871,0.662790698,SK에너지㈜ 대광제일주유소,전북 전주시 완산구 서신로 56 (서신동),35.8304426,127.1162104
0.661971831,0.647058824,0.561561562,0.887096774,0.546511628,SK에너지㈜ 코끼리주유소,전북 전주시 완산구 거마평로 47 (삼천동1가),35.7967327,127.1166791
0.274647887,0.823529412,0.106606607,0.209677419,0.081395349,골드주유소,전북 전주시 덕진구 혁신로 544 (여의동),35.861174,127.0688009
0.887323944,0.647058824,0.911411411,0.838709677,0.744186047,한흥주유소,전북 전주시 덕진구 건산로 166 (인후동1가),35.8331523,127.1551151
0.232394366,0.970588235,0.123123123,0.193548387,0.220930233,첨단주유소,"전북 전주시 덕진구 기린대로 894,  (동산동)",35.8629976,127.08704
0.197183099,0.617647059,0.100600601,0.177419355,0.081395349,행복날개2주유소,전북 전주시 덕진구 온고을로 715 (장동),35.8627324,127.061269
0.26056338,0.470588235,0.226726727,0.370967742,0.325581395,육일주유소,전북 전주시 덕진구 전미로 28 (송천동2가),35.8724553,127.1146633
0.077464789,0.205882353,0.066066066,0.14516129,0.151162791,평화동주유소,전북 전주시 완산구 구이로 1949 (석구동),35.7716131,127.1271529
0.366197183,0.617647059,0.472972973,0.403225806,0.523255814,송천주유소,전북 전주시 덕진구 송천4길 55 (송천동1가),35.8609874,127.1157907
0.556338028,0.588235294,0.635135135,0.548387097,0.5,(주)안국에너지 호반주유소,전북 전주시 덕진구 기린대로 600 (덕진동2가),35.8464115,127.1106533
0.535211268,0.470588235,0.342342342,0.758064516,0.430232558,동아주유소,전북 전주시 완산구 모악로 4741 (평화동2가),35.7925154,127.1315109
0.098591549,0.382352941,0.039039039,0.048387097,0.186046512,중앙주유소,전북 전주시 덕진구 전미로 148 (전미동2가),35.8823277,127.1104657
0.021126761,0.205882353,0.018018018,0,0.034883721,덕산주유소,전북 전주시 완산구 춘향로 4923 (색장동),35.7825809,127.1975163
0.852112676,0.529411765,0.668168168,0.887096774,0.674418605,새로운주유소,전북 전주시 완산구 문화광장로 22,35.8225598,127.1465178
